/*
SQLyog Community v13.1.5  (64 bit)
MySQL - 10.4.13-MariaDB-log : Database - inventory
*********************************************************************
*/

/*!40101 SET NAMES utf8 */;

/*!40101 SET SQL_MODE=''*/;

/*!40014 SET @OLD_UNIQUE_CHECKS=@@UNIQUE_CHECKS, UNIQUE_CHECKS=0 */;
/*!40014 SET @OLD_FOREIGN_KEY_CHECKS=@@FOREIGN_KEY_CHECKS, FOREIGN_KEY_CHECKS=0 */;
/*!40101 SET @OLD_SQL_MODE=@@SQL_MODE, SQL_MODE='NO_AUTO_VALUE_ON_ZERO' */;
/*!40111 SET @OLD_SQL_NOTES=@@SQL_NOTES, SQL_NOTES=0 */;
CREATE DATABASE /*!32312 IF NOT EXISTS*/`inventory` /*!40100 DEFAULT CHARACTER SET utf8mb4 COLLATE utf8mb4_unicode_ci */;

USE `inventory`;

/*Table structure for table `auth_group` */

DROP TABLE IF EXISTS `auth_group`;

CREATE TABLE `auth_group` (
  `id` int(11) NOT NULL AUTO_INCREMENT,
  `name` varchar(150) COLLATE utf8mb4_unicode_ci NOT NULL,
  PRIMARY KEY (`id`),
  UNIQUE KEY `name` (`name`)
) ENGINE=InnoDB AUTO_INCREMENT=3 DEFAULT CHARSET=utf8mb4 COLLATE=utf8mb4_unicode_ci;

/*Data for the table `auth_group` */

insert  into `auth_group`(`id`,`name`) values 
(1,'General User'),
(2,'Super User');

/*Table structure for table `auth_group_permissions` */

DROP TABLE IF EXISTS `auth_group_permissions`;

CREATE TABLE `auth_group_permissions` (
  `id` int(11) NOT NULL AUTO_INCREMENT,
  `group_id` int(11) NOT NULL,
  `permission_id` int(11) NOT NULL,
  PRIMARY KEY (`id`),
  UNIQUE KEY `auth_group_permissions_group_id_permission_id_0cd325b0_uniq` (`group_id`,`permission_id`),
  KEY `auth_group_permissio_permission_id_84c5c92e_fk_auth_perm` (`permission_id`),
  CONSTRAINT `auth_group_permissio_permission_id_84c5c92e_fk_auth_perm` FOREIGN KEY (`permission_id`) REFERENCES `auth_permission` (`id`),
  CONSTRAINT `auth_group_permissions_group_id_b120cbf9_fk_auth_group_id` FOREIGN KEY (`group_id`) REFERENCES `auth_group` (`id`)
) ENGINE=InnoDB AUTO_INCREMENT=22 DEFAULT CHARSET=utf8mb4 COLLATE=utf8mb4_unicode_ci;

/*Data for the table `auth_group_permissions` */

insert  into `auth_group_permissions`(`id`,`group_id`,`permission_id`) values 
(4,1,16),
(5,1,28),
(1,1,32),
(2,1,36),
(11,2,13),
(12,2,14),
(13,2,15),
(14,2,16),
(15,2,25),
(16,2,26),
(17,2,27),
(18,2,28),
(19,2,29),
(20,2,30),
(21,2,31),
(6,2,32),
(7,2,33),
(8,2,34),
(9,2,35),
(10,2,36);

/*Table structure for table `auth_permission` */

DROP TABLE IF EXISTS `auth_permission`;

CREATE TABLE `auth_permission` (
  `id` int(11) NOT NULL AUTO_INCREMENT,
  `name` varchar(255) COLLATE utf8mb4_unicode_ci NOT NULL,
  `content_type_id` int(11) NOT NULL,
  `codename` varchar(100) COLLATE utf8mb4_unicode_ci NOT NULL,
  PRIMARY KEY (`id`),
  UNIQUE KEY `auth_permission_content_type_id_codename_01ab375a_uniq` (`content_type_id`,`codename`),
  CONSTRAINT `auth_permission_content_type_id_2f476e4b_fk_django_co` FOREIGN KEY (`content_type_id`) REFERENCES `django_content_type` (`id`)
) ENGINE=InnoDB AUTO_INCREMENT=37 DEFAULT CHARSET=utf8mb4 COLLATE=utf8mb4_unicode_ci;

/*Data for the table `auth_permission` */

insert  into `auth_permission`(`id`,`name`,`content_type_id`,`codename`) values 
(1,'Can add log entry',1,'add_logentry'),
(2,'Can change log entry',1,'change_logentry'),
(3,'Can delete log entry',1,'delete_logentry'),
(4,'Can view log entry',1,'view_logentry'),
(5,'Can add permission',2,'add_permission'),
(6,'Can change permission',2,'change_permission'),
(7,'Can delete permission',2,'delete_permission'),
(8,'Can view permission',2,'view_permission'),
(9,'Can add group',3,'add_group'),
(10,'Can change group',3,'change_group'),
(11,'Can delete group',3,'delete_group'),
(12,'Can view group',3,'view_group'),
(13,'Can add user',4,'add_user'),
(14,'Can change user',4,'change_user'),
(15,'Can delete user',4,'delete_user'),
(16,'Can view user',4,'view_user'),
(17,'Can add content type',5,'add_contenttype'),
(18,'Can change content type',5,'change_contenttype'),
(19,'Can delete content type',5,'delete_contenttype'),
(20,'Can view content type',5,'view_contenttype'),
(21,'Can add session',6,'add_session'),
(22,'Can change session',6,'change_session'),
(23,'Can delete session',6,'delete_session'),
(24,'Can view session',6,'view_session'),
(25,'Can add oem',7,'add_oem'),
(26,'Can change oem',7,'change_oem'),
(27,'Can delete oem',7,'delete_oem'),
(28,'Can view oem',7,'view_oem'),
(29,'Can add model',8,'add_model'),
(30,'Can change model',8,'change_model'),
(31,'Can delete model',8,'delete_model'),
(32,'Can view model',8,'view_model'),
(33,'Can add device',9,'add_device'),
(34,'Can change device',9,'change_device'),
(35,'Can delete device',9,'delete_device'),
(36,'Can view device',9,'view_device');

/*Table structure for table `auth_user` */

DROP TABLE IF EXISTS `auth_user`;

CREATE TABLE `auth_user` (
  `id` int(11) NOT NULL AUTO_INCREMENT,
  `password` varchar(128) COLLATE utf8mb4_unicode_ci NOT NULL,
  `last_login` datetime(6) DEFAULT NULL,
  `is_superuser` tinyint(1) NOT NULL,
  `username` varchar(150) COLLATE utf8mb4_unicode_ci NOT NULL,
  `first_name` varchar(150) COLLATE utf8mb4_unicode_ci NOT NULL,
  `last_name` varchar(150) COLLATE utf8mb4_unicode_ci NOT NULL,
  `email` varchar(254) COLLATE utf8mb4_unicode_ci NOT NULL,
  `is_staff` tinyint(1) NOT NULL,
  `is_active` tinyint(1) NOT NULL,
  `date_joined` datetime(6) NOT NULL,
  PRIMARY KEY (`id`),
  UNIQUE KEY `username` (`username`)
) ENGINE=InnoDB AUTO_INCREMENT=4 DEFAULT CHARSET=utf8mb4 COLLATE=utf8mb4_unicode_ci;

/*Data for the table `auth_user` */

insert  into `auth_user`(`id`,`password`,`last_login`,`is_superuser`,`username`,`first_name`,`last_name`,`email`,`is_staff`,`is_active`,`date_joined`) values 
(1,'pbkdf2_sha256$216000$bBSw19qNRL6n$VAlMZA28EQ6FfdGMx/SLhoLBPHpkMc8epixO4zdSOLk=','2021-04-09 07:44:53.190904',1,'admin','','','admin@demo.com',1,1,'2021-04-09 07:36:53.742500'),
(2,'pbkdf2_sha256$216000$s5c7P9ER3Ucn$jpZjL9BkIBo7d63lLb8GFoAGcv9JIcPxCv/TCxKbHaM=','2021-04-12 23:38:04.153393',0,'root','Admin','Admin','admin@gmail.com',1,1,'2021-04-09 07:40:43.000000'),
(3,'pbkdf2_sha256$216000$dxJZkuWBVV9c$tVp38HPt3LPHNMkUXEY4AzbsVDcvRW0Cbq6iqYh7mhw=','2021-04-09 07:45:59.552560',0,'tom','Tom','Hardy','portal@inv.com',1,1,'2021-04-09 07:42:20.000000');

/*Table structure for table `auth_user_groups` */

DROP TABLE IF EXISTS `auth_user_groups`;

CREATE TABLE `auth_user_groups` (
  `id` int(11) NOT NULL AUTO_INCREMENT,
  `user_id` int(11) NOT NULL,
  `group_id` int(11) NOT NULL,
  PRIMARY KEY (`id`),
  UNIQUE KEY `auth_user_groups_user_id_group_id_94350c0c_uniq` (`user_id`,`group_id`),
  KEY `auth_user_groups_group_id_97559544_fk_auth_group_id` (`group_id`),
  CONSTRAINT `auth_user_groups_group_id_97559544_fk_auth_group_id` FOREIGN KEY (`group_id`) REFERENCES `auth_group` (`id`),
  CONSTRAINT `auth_user_groups_user_id_6a12ed8b_fk_auth_user_id` FOREIGN KEY (`user_id`) REFERENCES `auth_user` (`id`)
) ENGINE=InnoDB AUTO_INCREMENT=3 DEFAULT CHARSET=utf8mb4 COLLATE=utf8mb4_unicode_ci;

/*Data for the table `auth_user_groups` */

insert  into `auth_user_groups`(`id`,`user_id`,`group_id`) values 
(1,2,2),
(2,3,1);

/*Table structure for table `auth_user_user_permissions` */

DROP TABLE IF EXISTS `auth_user_user_permissions`;

CREATE TABLE `auth_user_user_permissions` (
  `id` int(11) NOT NULL AUTO_INCREMENT,
  `user_id` int(11) NOT NULL,
  `permission_id` int(11) NOT NULL,
  PRIMARY KEY (`id`),
  UNIQUE KEY `auth_user_user_permissions_user_id_permission_id_14a6b632_uniq` (`user_id`,`permission_id`),
  KEY `auth_user_user_permi_permission_id_1fbb5f2c_fk_auth_perm` (`permission_id`),
  CONSTRAINT `auth_user_user_permi_permission_id_1fbb5f2c_fk_auth_perm` FOREIGN KEY (`permission_id`) REFERENCES `auth_permission` (`id`),
  CONSTRAINT `auth_user_user_permissions_user_id_a95ead1b_fk_auth_user_id` FOREIGN KEY (`user_id`) REFERENCES `auth_user` (`id`)
) ENGINE=InnoDB DEFAULT CHARSET=utf8mb4 COLLATE=utf8mb4_unicode_ci;

/*Data for the table `auth_user_user_permissions` */

/*Table structure for table `device_device` */

DROP TABLE IF EXISTS `device_device`;

CREATE TABLE `device_device` (
  `id` int(11) NOT NULL AUTO_INCREMENT,
  `imei` bigint(20) NOT NULL,
  `wfi_mac` varchar(225) COLLATE utf8mb4_unicode_ci DEFAULT NULL,
  `iccid` varchar(225) COLLATE utf8mb4_unicode_ci DEFAULT NULL,
  `imsi` varchar(225) COLLATE utf8mb4_unicode_ci DEFAULT NULL,
  `mdn` varchar(225) COLLATE utf8mb4_unicode_ci DEFAULT NULL,
  `assignee` varchar(225) COLLATE utf8mb4_unicode_ci DEFAULT NULL,
  `assigned_date` varchar(50) COLLATE utf8mb4_unicode_ci DEFAULT NULL,
  `purpose` varchar(225) COLLATE utf8mb4_unicode_ci DEFAULT NULL,
  `return_date` varchar(50) COLLATE utf8mb4_unicode_ci DEFAULT NULL,
  `comment` longtext COLLATE utf8mb4_unicode_ci DEFAULT NULL,
  `delivery` varchar(225) COLLATE utf8mb4_unicode_ci NOT NULL,
  `model_id` int(11) NOT NULL,
  `oem_id` int(11) NOT NULL,
  PRIMARY KEY (`id`),
  UNIQUE KEY `imei` (`imei`),
  KEY `device_device_model_id_b2726a54_fk_device_model_id` (`model_id`),
  KEY `device_device_oem_id_a7b5d230_fk_device_oem_id` (`oem_id`),
  CONSTRAINT `device_device_model_id_b2726a54_fk_device_model_id` FOREIGN KEY (`model_id`) REFERENCES `device_model` (`id`),
  CONSTRAINT `device_device_oem_id_a7b5d230_fk_device_oem_id` FOREIGN KEY (`oem_id`) REFERENCES `device_oem` (`id`)
) ENGINE=InnoDB AUTO_INCREMENT=1522 DEFAULT CHARSET=utf8mb4 COLLATE=utf8mb4_unicode_ci;

/*Data for the table `device_device` */

insert  into `device_device`(`id`,`imei`,`wfi_mac`,`iccid`,`imsi`,`mdn`,`assignee`,`assigned_date`,`purpose`,`return_date`,`comment`,`delivery`,`model_id`,`oem_id`) values 
(1422,352774390104515,'7846D43FC665','',NULL,'',NULL,'04/09/2021','','','','Pre-LE',894,565),
(1423,352774390104549,'7846D43FC66B','',NULL,'',NULL,'04/09/2021','','','','Pre-LE',894,565),
(1424,352774390104564,'7846D43FC66F','',NULL,'',NULL,'04/09/2021','','','','Pre-LE',894,565),
(1425,352774390104606,'7846D43FC677','',NULL,'',NULL,'04/09/2021','','','','Pre-LE',894,565),
(1426,352774390104614,'7846D43FC679','',NULL,'',NULL,'04/09/2021','','','','Pre-LE',894,565),
(1427,352774390104655,'7846D43FC681','',NULL,'',NULL,'04/09/2021','','','','Pre-LE',894,565),
(1428,352774390104697,'7846D43FC689','',NULL,'',NULL,'04/09/2021','','','','Pre-LE',894,565),
(1429,352774390104705,'7846D43FC68B','',NULL,'',NULL,'04/09/2021','','','','Pre-LE',894,565),
(1430,352774390104713,'7846D43FC68D','',NULL,'',NULL,'04/09/2021','','','','Pre-LE',894,565),
(1431,352774390104796,'7846D43FC69D','',NULL,'',NULL,'04/09/2021','','','','Pre-LE',894,565),
(1432,352774390104804,'7846D43FC69F','',NULL,'',NULL,'04/09/2021','','','','Pre-LE',894,565),
(1433,352774390105199,'7846D43FC6ED','',NULL,'',NULL,'04/09/2021','','','','Pre-LE',894,565),
(1434,352774390105207,'7846D43FC6EF','',NULL,'',NULL,'04/09/2021','','','','Pre-LE',894,565),
(1435,352774390105637,'7846D43FC745','',NULL,'',NULL,'04/09/2021','','','','Pre-LE',894,565),
(1436,352774390105694,'7846D43FC751','',NULL,'',NULL,'04/09/2021','','','','Pre-LE',894,565),
(1437,352774390105702,'7846D43FC753','',NULL,'',NULL,'04/09/2021','','','','Pre-LE',894,565),
(1438,352774390105710,'7846D43FC755','',NULL,'',NULL,'04/09/2021','','','','Pre-LE',894,565),
(1439,352774390105728,'7846D43FC757','',NULL,'',NULL,'04/09/2021','','','','Pre-LE',894,565),
(1440,352774390105736,'7846D43FC759','',NULL,'',NULL,'04/09/2021','','','','Pre-LE',894,565),
(1441,352774390105744,'7846D43FC75B','',NULL,'',NULL,'04/09/2021','','','','Pre-LE',894,565),
(1442,352774390105801,'7846D43FC767','',NULL,'',NULL,'04/09/2021','','','','Pre-LE',894,565),
(1443,352774390105827,'7846D43FC76B','',NULL,'',NULL,'04/09/2021','','','','Pre-LE',894,565),
(1444,352774390105835,'7846D43FC76D','',NULL,'',NULL,'04/09/2021','','','','Pre-LE',894,565),
(1445,352774390105843,'7846D43FC76F','',NULL,'',NULL,'04/09/2021','','','','Pre-LE',894,565),
(1446,352774390105884,'7846D43FC777','',NULL,'',NULL,'04/09/2021','','','','Pre-LE',894,565),
(1447,352774390105900,'7846D43FC77B','',NULL,'',NULL,'04/09/2021','','','','Pre-LE',894,565),
(1448,352774390105934,'7846D43FC781','',NULL,'',NULL,'04/09/2021','','','','Pre-LE',894,565),
(1449,352774390105942,'7846D43FC783','',NULL,'',NULL,'04/09/2021','','','','Pre-LE',894,565),
(1450,352774390105959,'7846D43FC785','',NULL,'',NULL,'04/09/2021','','','','Pre-LE',894,565),
(1451,352774390105975,'7846D43FC789','',NULL,'',NULL,'04/09/2021','','','','Pre-LE',894,565),
(1452,352774390106007,'7846D43FC78F','',NULL,'',NULL,'04/09/2021','','','','Pre-LE',894,565),
(1453,352774390106015,'7846D43FC791','',NULL,'',NULL,'04/09/2021','','','','Pre-LE',894,565),
(1454,352774390106023,'7846D43FC793','',NULL,'',NULL,'04/09/2021','','','','Pre-LE',894,565),
(1455,352774390106031,'7846D43FC795','',NULL,'',NULL,'04/09/2021','','','','Pre-LE',894,565),
(1456,352774390106049,'7846D43FC797','',NULL,'',NULL,'04/09/2021','','','','Pre-LE',894,565),
(1457,352774390106056,'7846D43FC799','',NULL,'',NULL,'04/09/2021','','','','Pre-LE',894,565),
(1458,352774390106064,'7846D43FC79B','',NULL,'',NULL,'04/09/2021','','','','Pre-LE',894,565),
(1459,352774390106072,'7846D43FC79D','',NULL,'',NULL,'04/09/2021','','','','Pre-LE',894,565),
(1460,352774390106080,'7846D43FC79F','',NULL,'',NULL,'04/09/2021','','','','Pre-LE',894,565),
(1461,352774390106114,'7846D43FC7A5','',NULL,'',NULL,'04/09/2021','','','','Pre-LE',894,565),
(1462,352774390106122,'7846D43FC7A7','',NULL,'',NULL,'04/09/2021','','','','Pre-LE',894,565),
(1463,352774390106130,'7846D43FC7A9','',NULL,'',NULL,'04/09/2021','','','','Pre-LE',894,565),
(1464,352774390106163,'7846D43FC7AF','',NULL,'',NULL,'04/09/2021','','','','Pre-LE',894,565),
(1465,352774390106189,'7846D43FC7B3','',NULL,'',NULL,'04/09/2021','','','','Pre-LE',894,565),
(1466,352774390106197,'7846D43FC7B5','',NULL,'',NULL,'04/09/2021','','','','Pre-LE',894,565),
(1467,352774390106205,'7846D43FC7B7','',NULL,'',NULL,'04/09/2021','','','','Pre-LE',894,565),
(1468,352774390106213,'7846D43FC7B9','',NULL,'',NULL,'04/09/2021','','','','Pre-LE',894,565),
(1469,352774390106221,'7846D43FC7BB','',NULL,'',NULL,'04/09/2021','','','','Pre-LE',894,565),
(1470,352774390106239,'7846D43FC7BD','',NULL,'',NULL,'04/09/2021','','','','Pre-LE',894,565),
(1471,352774390106254,'7846D43FC7C1','',NULL,'',NULL,'04/09/2021','','','','Pre-LE',894,565),
(1472,352774390106262,'7846D43FC7C3','',NULL,'',NULL,'04/09/2021','','','','Pre-LE',894,565),
(1473,352774390106270,'7846D43FC7C5','',NULL,'',NULL,'04/09/2021','','','','Pre-LE',894,565),
(1474,352774390106288,'7846D43FC7C7','',NULL,'',NULL,'04/09/2021','','','','Pre-LE',894,565),
(1475,352774390106296,'7846D43FC7C9','',NULL,'',NULL,'04/09/2021','','','','Pre-LE',894,565),
(1476,352774390106304,'7846D43FC7CB','',NULL,'',NULL,'04/09/2021','','','','Pre-LE',894,565),
(1477,352774390106312,'7846D43FC7CD','',NULL,'',NULL,'04/09/2021','','','','Pre-LE',894,565),
(1478,352774390107385,'7846D43FC8A3','',NULL,'',NULL,'04/09/2021','','','','LE',894,565),
(1479,352774390107336,'7846D43FC899','',NULL,'',NULL,'04/09/2021','','','','LE',894,565),
(1480,352774390107328,'7846D43FC897','',NULL,'',NULL,'04/09/2021','','','','LE',894,565),
(1481,352774390107310,'7846D43FC895','',NULL,'',NULL,'04/09/2021','','','','LE',894,565),
(1482,352774390107302,'7846D43FC893','',NULL,'',NULL,'04/09/2021','','','','LE',894,565),
(1483,352774390107286,'7846D43FC88F','',NULL,'',NULL,'04/09/2021','','','','LE',894,565),
(1484,352774390107278,'7846D43FC88D','',NULL,'',NULL,'04/09/2021','','','','LE',894,565),
(1485,352774390107260,'7846D43FC88B','',NULL,'',NULL,'04/09/2021','','','','LE',894,565),
(1486,352774390107252,'7846D43FC889','',NULL,'',NULL,'04/09/2021','','','','LE',894,565),
(1487,352774390107245,'7846D43FC887','',NULL,'',NULL,'04/09/2021','','','','LE',894,565),
(1488,352774390107237,'7846D43FC885','',NULL,'',NULL,'04/09/2021','','','','LE',894,565),
(1489,352774390107229,'7846D43FC883','',NULL,'',NULL,'04/09/2021','','','','LE',894,565),
(1490,352774390107211,'7846D43FC881','',NULL,'',NULL,'04/09/2021','','','','LE',894,565),
(1491,352774390107203,'7846D43FC87F','',NULL,'',NULL,'04/09/2021','','','','LE',894,565),
(1492,352774390107195,'7846D43FC87D','',NULL,'',NULL,'04/09/2021','','','','LE',894,565),
(1493,352774390107153,'7846D43FC875','',NULL,'',NULL,'04/09/2021','','','','LE',894,565),
(1494,352774390107120,'7846D43FC86F','',NULL,'',NULL,'04/09/2021','','','','LE',894,565),
(1495,352774390107112,'7846D43FC86D','',NULL,'',NULL,'04/09/2021','','','','LE',894,565),
(1496,352774390107104,'7846D43FC86B','',NULL,'',NULL,'04/09/2021','','','','LE',894,565),
(1497,352774390107096,'7846D43FC869','',NULL,'',NULL,'04/09/2021','','','','LE',894,565),
(1498,352774390107088,'7846D43FC867','',NULL,'',NULL,'04/09/2021','','','','LE',894,565),
(1499,352774390107070,'7846D43FC865','',NULL,'',NULL,'04/09/2021','','','','LE',894,565),
(1500,352774390107062,'7846D43FC863','',NULL,'',NULL,'04/09/2021','','','','LE',894,565),
(1501,352774390107054,'7846D43FC861','',NULL,'',NULL,'04/09/2021','','','','LE',894,565),
(1502,352774390107047,'7846D43FC85F','',NULL,'',NULL,'04/09/2021','','','','LE',894,565),
(1503,352774390107021,'7846D43FC85B','',NULL,'',NULL,'04/09/2021','','','','LE',894,565),
(1504,352774390107013,'7846D43FC859','',NULL,'',NULL,'04/09/2021','','','','LE',894,565),
(1505,352774390106932,'7846D43FC849','',NULL,'',NULL,'04/09/2021','','','','LE',894,565),
(1506,352774390106890,'7846D43FC841','',NULL,'',NULL,'04/09/2021','','','','LE',894,565),
(1507,352774390106882,'7846D43FC83F','',NULL,'',NULL,'04/09/2021','','','','LE',894,565),
(1508,352774390106874,'7846D43FC83D','',NULL,'',NULL,'04/09/2021','','','','LE',894,565),
(1509,352774390106833,'7846D43FC835','',NULL,'',NULL,'04/09/2021','','','','LE',894,565),
(1510,352774390106825,'7846D43FC833','',NULL,'',NULL,'04/09/2021','','','','LE',894,565),
(1511,352774390106817,'7846D43FC831','',NULL,'',NULL,'04/09/2021','','','','LE',894,565),
(1512,352774390106809,'7846D43FC82F','',NULL,'',NULL,'04/09/2021','','','','LE',894,565);

/*Table structure for table `device_model` */

DROP TABLE IF EXISTS `device_model`;

CREATE TABLE `device_model` (
  `id` int(11) NOT NULL AUTO_INCREMENT,
  `name` varchar(100) COLLATE utf8mb4_unicode_ci NOT NULL,
  `oem_id` int(11) NOT NULL,
  PRIMARY KEY (`id`),
  UNIQUE KEY `device_model_oem_id_name_44a4be06_uniq` (`oem_id`,`name`),
  CONSTRAINT `device_model_oem_id_a9c8bad4_fk_device_oem_id` FOREIGN KEY (`oem_id`) REFERENCES `device_oem` (`id`)
) ENGINE=InnoDB AUTO_INCREMENT=903 DEFAULT CHARSET=utf8mb4 COLLATE=utf8mb4_unicode_ci;

/*Data for the table `device_model` */

insert  into `device_model`(`id`,`name`,`oem_id`) values 
(888,'A70',565),
(894,'sm-a426u',565),
(892,'a70',568);

/*Table structure for table `device_oem` */

DROP TABLE IF EXISTS `device_oem`;

CREATE TABLE `device_oem` (
  `id` int(11) NOT NULL AUTO_INCREMENT,
  `name` varchar(100) COLLATE utf8mb4_unicode_ci NOT NULL,
  PRIMARY KEY (`id`),
  UNIQUE KEY `name` (`name`)
) ENGINE=InnoDB AUTO_INCREMENT=571 DEFAULT CHARSET=utf8mb4 COLLATE=utf8mb4_unicode_ci;

/*Data for the table `device_oem` */

insert  into `device_oem`(`id`,`name`) values 
(568,'a70'),
(565,'Samsung');

/*Table structure for table `django_admin_log` */

DROP TABLE IF EXISTS `django_admin_log`;

CREATE TABLE `django_admin_log` (
  `id` int(11) NOT NULL AUTO_INCREMENT,
  `action_time` datetime(6) NOT NULL,
  `object_id` longtext COLLATE utf8mb4_unicode_ci DEFAULT NULL,
  `object_repr` varchar(200) COLLATE utf8mb4_unicode_ci NOT NULL,
  `action_flag` smallint(5) unsigned NOT NULL CHECK (`action_flag` >= 0),
  `change_message` longtext COLLATE utf8mb4_unicode_ci NOT NULL,
  `content_type_id` int(11) DEFAULT NULL,
  `user_id` int(11) NOT NULL,
  PRIMARY KEY (`id`),
  KEY `django_admin_log_content_type_id_c4bce8eb_fk_django_co` (`content_type_id`),
  KEY `django_admin_log_user_id_c564eba6_fk_auth_user_id` (`user_id`),
  CONSTRAINT `django_admin_log_content_type_id_c4bce8eb_fk_django_co` FOREIGN KEY (`content_type_id`) REFERENCES `django_content_type` (`id`),
  CONSTRAINT `django_admin_log_user_id_c564eba6_fk_auth_user_id` FOREIGN KEY (`user_id`) REFERENCES `auth_user` (`id`)
) ENGINE=InnoDB AUTO_INCREMENT=1425 DEFAULT CHARSET=utf8mb4 COLLATE=utf8mb4_unicode_ci;

/*Data for the table `django_admin_log` */

insert  into `django_admin_log`(`id`,`action_time`,`object_id`,`object_repr`,`action_flag`,`change_message`,`content_type_id`,`user_id`) values 
(1,'2021-04-09 07:38:31.425769','1','Gene',1,'[{\"added\": {}}]',3,1),
(2,'2021-04-09 07:38:42.073326','1','General User',2,'[{\"changed\": {\"fields\": [\"Name\"]}}]',3,1),
(3,'2021-04-09 07:39:50.887668','2','Super User',1,'[{\"added\": {}}]',3,1),
(4,'2021-04-09 07:40:43.521385','2','root',1,'[{\"added\": {}}]',4,1),
(5,'2021-04-09 07:41:17.735515','2','root',2,'[{\"changed\": {\"fields\": [\"First name\", \"Last name\", \"Email address\", \"Staff status\", \"Groups\"]}}]',4,1),
(6,'2021-04-09 07:42:20.687153','3','tom',1,'[{\"added\": {}}]',4,1),
(7,'2021-04-09 07:43:21.164028','3','tom',2,'[{\"changed\": {\"fields\": [\"First name\", \"Last name\", \"Email address\", \"Staff status\", \"Groups\"]}}]',4,1),
(8,'2021-04-09 07:45:16.296169','1','General User',2,'[{\"changed\": {\"fields\": [\"Permissions\"]}}]',3,1),
(9,'2021-04-09 08:05:59.417870','161','Samsung - Gs21 ultra 5g',1,'new through import_export',9,2),
(10,'2021-04-09 08:05:59.436832','162','Samsung - Gs21 ultra 5g',1,'new through import_export',9,2),
(11,'2021-04-09 08:05:59.444083','163','Samsung - S10',1,'new through import_export',9,2),
(12,'2021-04-09 08:05:59.451224','164','Samsung - S10',1,'new through import_export',9,2),
(13,'2021-04-09 08:05:59.458261','165','Samsung - S11',1,'new through import_export',9,2),
(14,'2021-04-09 08:05:59.466628','166','Samsung - S12',1,'new through import_export',9,2),
(15,'2021-04-09 08:05:59.477511','167','Samsung - S13',1,'new through import_export',9,2),
(16,'2021-04-09 08:05:59.484599','168','Samsung - S14',1,'new through import_export',9,2),
(17,'2021-04-09 08:05:59.505654','169','Samsung - S15',1,'new through import_export',9,2),
(18,'2021-04-09 08:05:59.517458','170','Samsung - S16',1,'new through import_export',9,2),
(19,'2021-04-09 08:05:59.523871','171','Samsung - S17',1,'new through import_export',9,2),
(20,'2021-04-09 08:05:59.530241','172','Samsung - S18',1,'new through import_export',9,2),
(21,'2021-04-09 08:05:59.537219','173','Samsung - S19',1,'new through import_export',9,2),
(22,'2021-04-09 08:05:59.543886','174','Samsung - S20',1,'new through import_export',9,2),
(23,'2021-04-09 08:05:59.550547','175','Samsung - S21',1,'new through import_export',9,2),
(24,'2021-04-09 08:05:59.558602','176','Samsung - S22',1,'new through import_export',9,2),
(25,'2021-04-09 08:05:59.564977','177','Samsung - S23',1,'new through import_export',9,2),
(26,'2021-04-09 08:05:59.572185','178','Samsung - S24',1,'new through import_export',9,2),
(27,'2021-04-09 08:05:59.581739','179','Samsung - S25',1,'new through import_export',9,2),
(28,'2021-04-09 08:05:59.588652','180','Samsung - S26',1,'new through import_export',9,2),
(29,'2021-04-09 08:05:59.602778','181','Samsung - S27',1,'new through import_export',9,2),
(30,'2021-04-09 08:05:59.614542','182','Samsung - S28',1,'new through import_export',9,2),
(31,'2021-04-09 08:05:59.626197','183','Samsung - S29',1,'new through import_export',9,2),
(32,'2021-04-09 08:05:59.632144','184','Samsung - S30',1,'new through import_export',9,2),
(33,'2021-04-09 08:05:59.638573','185','Samsung - S31',1,'new through import_export',9,2),
(34,'2021-04-09 08:05:59.649856','186','Samsung - S32',1,'new through import_export',9,2),
(35,'2021-04-09 08:05:59.659495','187','Samsung - S33',1,'new through import_export',9,2),
(36,'2021-04-09 08:05:59.667008','188','Samsung - S34',1,'new through import_export',9,2),
(37,'2021-04-09 08:05:59.686880','189','Samsung - S35',1,'new through import_export',9,2),
(38,'2021-04-09 08:05:59.695770','190','Samsung - S36',1,'new through import_export',9,2),
(39,'2021-04-09 08:05:59.701706','191','Samsung - S37',1,'new through import_export',9,2),
(40,'2021-04-09 08:05:59.715625','192','Samsung - S38',1,'new through import_export',9,2),
(41,'2021-04-09 08:05:59.726000','193','Samsung - S39',1,'new through import_export',9,2),
(42,'2021-04-09 08:05:59.742753','194','Samsung - S40',1,'new through import_export',9,2),
(43,'2021-04-09 08:05:59.750606','195','Samsung - S41',1,'new through import_export',9,2),
(44,'2021-04-09 08:05:59.764717','196','Samsung - S42',1,'new through import_export',9,2),
(45,'2021-04-09 08:05:59.774112','197','Samsung - S43',1,'new through import_export',9,2),
(46,'2021-04-09 08:05:59.796287','198','Samsung - S44',1,'new through import_export',9,2),
(47,'2021-04-09 08:05:59.804372','199','Samsung - S45',1,'new through import_export',9,2),
(48,'2021-04-09 08:05:59.810767','200','Samsung - S46',1,'new through import_export',9,2),
(49,'2021-04-09 08:05:59.818694','201','Samsung - S47',1,'new through import_export',9,2),
(50,'2021-04-09 08:05:59.826545','202','Samsung - S48',1,'new through import_export',9,2),
(51,'2021-04-09 08:05:59.838580','203','Samsung - S49',1,'new through import_export',9,2),
(52,'2021-04-09 08:05:59.850169','204','Samsung - S50',1,'new through import_export',9,2),
(53,'2021-04-09 08:05:59.858520','205','Samsung - S51',1,'new through import_export',9,2),
(54,'2021-04-09 08:05:59.864991','206','Samsung - S52',1,'new through import_export',9,2),
(55,'2021-04-09 08:05:59.885590','207','Samsung - S53',1,'new through import_export',9,2),
(56,'2021-04-09 08:05:59.905240','208','Samsung - S54',1,'new through import_export',9,2),
(57,'2021-04-09 08:05:59.913634','209','Samsung - S55',1,'new through import_export',9,2),
(58,'2021-04-09 08:05:59.921161','210','Samsung - S56',1,'new through import_export',9,2),
(59,'2021-04-09 08:05:59.928541','211','Samsung - S57',1,'new through import_export',9,2),
(60,'2021-04-09 08:05:59.934573','212','Samsung - S58',1,'new through import_export',9,2),
(61,'2021-04-09 08:05:59.942541','213','Samsung - S59',1,'new through import_export',9,2),
(62,'2021-04-09 08:05:59.949845','214','Samsung - S60',1,'new through import_export',9,2),
(63,'2021-04-09 08:05:59.955803','215','Samsung - S61',1,'new through import_export',9,2),
(64,'2021-04-09 08:05:59.962470','216','Samsung - S62',1,'new through import_export',9,2),
(65,'2021-04-09 08:05:59.969613','217','Samsung - S63',1,'new through import_export',9,2),
(66,'2021-04-09 08:05:59.976433','218','Samsung - S64',1,'new through import_export',9,2),
(67,'2021-04-09 08:05:59.982910','219','Samsung - S65',1,'new through import_export',9,2),
(68,'2021-04-09 08:05:59.988954','220','Samsung - S66',1,'new through import_export',9,2),
(69,'2021-04-09 08:05:59.995590','221','Samsung - S67',1,'new through import_export',9,2),
(70,'2021-04-09 08:06:00.005598','222','Samsung - S68',1,'new through import_export',9,2),
(71,'2021-04-09 08:06:00.077837','223','Samsung - S69',1,'new through import_export',9,2),
(72,'2021-04-09 08:06:00.089484','224','Samsung - S70',1,'new through import_export',9,2),
(73,'2021-04-09 08:06:00.099570','225','Samsung - S71',1,'new through import_export',9,2),
(74,'2021-04-09 08:06:00.109079','226','Samsung - S72',1,'new through import_export',9,2),
(75,'2021-04-09 08:06:00.131138','227','Samsung - S73',1,'new through import_export',9,2),
(76,'2021-04-09 08:06:00.147676','228','Samsung - S74',1,'new through import_export',9,2),
(77,'2021-04-09 08:06:00.156616','229','Samsung - S75',1,'new through import_export',9,2),
(78,'2021-04-09 08:06:00.168905','230','Samsung - S76',1,'new through import_export',9,2),
(79,'2021-04-09 08:06:00.179346','231','Samsung - S77',1,'new through import_export',9,2),
(80,'2021-04-09 08:06:00.190241','232','Samsung - S78',1,'new through import_export',9,2),
(81,'2021-04-09 08:06:00.206392','233','Samsung - S79',1,'new through import_export',9,2),
(82,'2021-04-09 08:06:00.231484','234','Samsung - S80',1,'new through import_export',9,2),
(83,'2021-04-09 08:06:00.240280','235','Samsung - S81',1,'new through import_export',9,2),
(84,'2021-04-09 08:06:00.250497','236','Samsung - S82',1,'new through import_export',9,2),
(85,'2021-04-09 08:06:00.272834','237','Samsung - S83',1,'new through import_export',9,2),
(86,'2021-04-09 08:06:00.286255','238','Samsung - S84',1,'new through import_export',9,2),
(87,'2021-04-09 08:06:00.296862','239','Samsung - S85',1,'new through import_export',9,2),
(88,'2021-04-09 08:06:00.310869','240','Samsung - S86',1,'new through import_export',9,2),
(89,'2021-04-09 08:06:00.320695','241','Samsung - S87',1,'new through import_export',9,2),
(90,'2021-04-09 08:06:00.330857','242','Samsung - S88',1,'new through import_export',9,2),
(91,'2021-04-09 08:06:00.342563','243','Samsung - S89',1,'new through import_export',9,2),
(92,'2021-04-09 08:06:00.354674','244','Samsung - S90',1,'new through import_export',9,2),
(93,'2021-04-09 08:06:00.360701','245','Samsung - S91',1,'new through import_export',9,2),
(94,'2021-04-09 08:06:00.383074','246','Samsung - S92',1,'new through import_export',9,2),
(95,'2021-04-09 08:06:00.392497','247','Samsung - S93',1,'new through import_export',9,2),
(96,'2021-04-09 08:06:00.402252','248','Samsung - S94',1,'new through import_export',9,2),
(97,'2021-04-09 08:06:00.408542','249','Samsung - S95',1,'new through import_export',9,2),
(98,'2021-04-09 08:06:00.419123','250','Samsung - S96',1,'new through import_export',9,2),
(99,'2021-04-09 08:06:00.427394','251','Samsung - S97',1,'new through import_export',9,2),
(100,'2021-04-09 08:06:00.434612','252','Samsung - S98',1,'new through import_export',9,2),
(101,'2021-04-09 08:06:00.442537','253','Samsung - S99',1,'new through import_export',9,2),
(102,'2021-04-09 08:06:00.449073','254','Samsung - S100',1,'new through import_export',9,2),
(103,'2021-04-09 08:06:00.455151','255','Samsung - S101',1,'new through import_export',9,2),
(104,'2021-04-09 08:06:00.466778','256','Samsung - S102',1,'new through import_export',9,2),
(105,'2021-04-09 08:06:00.479501','257','Samsung - S103',1,'new through import_export',9,2),
(106,'2021-04-09 08:06:00.490517','258','Samsung - S104',1,'new through import_export',9,2),
(107,'2021-04-09 08:06:00.498742','259','Samsung - S105',1,'new through import_export',9,2),
(108,'2021-04-09 08:06:00.505405','260','Samsung - S106',1,'new through import_export',9,2),
(109,'2021-04-09 08:06:00.514389','261','Samsung - S107',1,'new through import_export',9,2),
(110,'2021-04-09 08:06:00.522671','262','Samsung - S108',1,'new through import_export',9,2),
(111,'2021-04-09 08:06:00.532809','263','Samsung - S109',1,'new through import_export',9,2),
(112,'2021-04-09 08:06:00.542939','264','Samsung - S110',1,'new through import_export',9,2),
(113,'2021-04-09 08:06:00.549333','265','Samsung - S111',1,'new through import_export',9,2),
(114,'2021-04-09 08:06:00.558470','266','Samsung - S112',1,'new through import_export',9,2),
(115,'2021-04-09 08:06:00.564941','267','Samsung - S113',1,'new through import_export',9,2),
(116,'2021-04-09 08:06:00.572224','268','Samsung - S114',1,'new through import_export',9,2),
(117,'2021-04-09 08:06:00.582596','269','Samsung - S115',1,'new through import_export',9,2),
(118,'2021-04-09 08:06:00.596242','270','Samsung - S116',1,'new through import_export',9,2),
(119,'2021-04-09 08:06:00.605300','271','Samsung - S117',1,'new through import_export',9,2),
(120,'2021-04-09 08:06:00.614767','272','Samsung - S118',1,'new through import_export',9,2),
(121,'2021-04-09 08:06:00.623127','273','Samsung - S119',1,'new through import_export',9,2),
(122,'2021-04-09 08:06:00.630580','274','Samsung - S120',1,'new through import_export',9,2),
(123,'2021-04-09 08:06:00.638552','275','Samsung - S121',1,'new through import_export',9,2),
(124,'2021-04-09 08:06:00.644414','276','Samsung - S122',1,'new through import_export',9,2),
(125,'2021-04-09 08:06:00.650636','277','Samsung - S123',1,'new through import_export',9,2),
(126,'2021-04-09 08:06:00.660630','278','Samsung - S124',1,'new through import_export',9,2),
(127,'2021-04-09 08:06:00.671003','279','Samsung - S125',1,'new through import_export',9,2),
(128,'2021-04-09 08:06:00.678524','280','Samsung - S126',1,'new through import_export',9,2),
(129,'2021-04-09 08:06:00.685091','281','Samsung - S127',1,'new through import_export',9,2),
(130,'2021-04-09 08:06:00.691666','282','Samsung - S128',1,'new through import_export',9,2),
(131,'2021-04-09 08:06:00.697503','283','Samsung - S129',1,'new through import_export',9,2),
(132,'2021-04-09 08:06:00.710640','284','Samsung - S130',1,'new through import_export',9,2),
(133,'2021-04-09 08:06:00.716846','285','Samsung - S131',1,'new through import_export',9,2),
(134,'2021-04-09 08:06:00.722645','286','Samsung - S132',1,'new through import_export',9,2),
(135,'2021-04-09 08:06:00.730211','287','Samsung - S133',1,'new through import_export',9,2),
(136,'2021-04-09 08:06:00.736169','288','Samsung - S134',1,'new through import_export',9,2),
(137,'2021-04-09 08:06:00.741704','289','Samsung - S135',1,'new through import_export',9,2),
(138,'2021-04-09 08:06:00.750631','290','Samsung - S136',1,'new through import_export',9,2),
(139,'2021-04-09 08:06:00.758596','291','Samsung - S137',1,'new through import_export',9,2),
(140,'2021-04-09 08:06:00.766032','292','Samsung - S138',1,'new through import_export',9,2),
(141,'2021-04-09 08:06:00.774033','293','Samsung - S139',1,'new through import_export',9,2),
(142,'2021-04-09 08:06:00.782566','294','Samsung - S140',1,'new through import_export',9,2),
(143,'2021-04-09 08:06:00.789373','295','Samsung - S141',1,'new through import_export',9,2),
(144,'2021-04-09 08:06:00.798135','296','Samsung - S142',1,'new through import_export',9,2),
(145,'2021-04-09 08:06:00.806545','297','Samsung - S143',1,'new through import_export',9,2),
(146,'2021-04-09 08:06:00.813454','298','Samsung - S144',1,'new through import_export',9,2),
(147,'2021-04-09 08:06:00.819324','299','Samsung - S145',1,'new through import_export',9,2),
(148,'2021-04-09 08:06:00.825457','300','Samsung - S146',1,'new through import_export',9,2),
(149,'2021-04-09 08:06:00.837934','301','Samsung - S147',1,'new through import_export',9,2),
(150,'2021-04-09 08:06:00.846435','302','Samsung - S148',1,'new through import_export',9,2),
(151,'2021-04-09 08:06:00.853430','303','Samsung - S149',1,'new through import_export',9,2),
(152,'2021-04-09 08:06:00.862562','304','Samsung - S150',1,'new through import_export',9,2),
(153,'2021-04-09 08:06:00.868824','305','Samsung - S151',1,'new through import_export',9,2),
(154,'2021-04-09 08:06:00.876344','306','Samsung - S152',1,'new through import_export',9,2),
(155,'2021-04-09 08:06:00.885712','307','Samsung - S153',1,'new through import_export',9,2),
(156,'2021-04-09 08:06:00.892691','308','Samsung - S154',1,'new through import_export',9,2),
(157,'2021-04-09 08:06:00.902522','309','Samsung - S155',1,'new through import_export',9,2),
(158,'2021-04-09 08:06:00.912160','310','Samsung - S156',1,'new through import_export',9,2),
(159,'2021-04-09 08:06:00.921657','311','Samsung - S157',1,'new through import_export',9,2),
(160,'2021-04-09 08:06:00.929665','312','Samsung - S158',1,'new through import_export',9,2),
(161,'2021-04-09 08:06:00.938542','313','Samsung - S159',1,'new through import_export',9,2),
(162,'2021-04-09 08:06:00.945548','314','Samsung - S160',1,'new through import_export',9,2),
(163,'2021-04-09 08:06:00.954623','315','Samsung - S161',1,'new through import_export',9,2),
(164,'2021-04-09 08:06:00.963511','316','Samsung - S162',1,'new through import_export',9,2),
(165,'2021-04-09 08:06:00.970669','317','Samsung - S163',1,'new through import_export',9,2),
(166,'2021-04-09 08:06:00.978564','318','Samsung - S164',1,'new through import_export',9,2),
(167,'2021-04-09 08:06:00.986242','319','Samsung - S165',1,'new through import_export',9,2),
(168,'2021-04-09 08:06:00.994696','320','Samsung - S166',1,'new through import_export',9,2),
(169,'2021-04-09 08:06:17.418816','320','Samsung - S166',3,'',9,2),
(170,'2021-04-09 08:08:11.530575','165','Samsung - S11',3,'',9,2),
(171,'2021-04-09 08:08:11.543244','166','Samsung - S12',3,'',9,2),
(172,'2021-04-09 08:08:11.556386','167','Samsung - S13',3,'',9,2),
(173,'2021-04-09 08:08:11.569772','168','Samsung - S14',3,'',9,2),
(174,'2021-04-09 08:08:11.582639','169','Samsung - S15',3,'',9,2),
(175,'2021-04-09 08:08:11.596143','170','Samsung - S16',3,'',9,2),
(176,'2021-04-09 08:08:11.606575','171','Samsung - S17',3,'',9,2),
(177,'2021-04-09 08:08:11.618323','172','Samsung - S18',3,'',9,2),
(178,'2021-04-09 08:08:11.628939','173','Samsung - S19',3,'',9,2),
(179,'2021-04-09 08:08:11.639119','174','Samsung - S20',3,'',9,2),
(180,'2021-04-09 08:08:11.653760','175','Samsung - S21',3,'',9,2),
(181,'2021-04-09 08:08:11.666641','176','Samsung - S22',3,'',9,2),
(182,'2021-04-09 08:08:11.678843','177','Samsung - S23',3,'',9,2),
(183,'2021-04-09 08:08:11.693359','178','Samsung - S24',3,'',9,2),
(184,'2021-04-09 08:08:11.705884','179','Samsung - S25',3,'',9,2),
(185,'2021-04-09 08:08:11.722681','180','Samsung - S26',3,'',9,2),
(186,'2021-04-09 08:08:11.733770','181','Samsung - S27',3,'',9,2),
(187,'2021-04-09 08:08:11.749233','182','Samsung - S28',3,'',9,2),
(188,'2021-04-09 08:08:11.762185','183','Samsung - S29',3,'',9,2),
(189,'2021-04-09 08:08:11.777231','184','Samsung - S30',3,'',9,2),
(190,'2021-04-09 08:08:11.788884','185','Samsung - S31',3,'',9,2),
(191,'2021-04-09 08:08:11.802240','186','Samsung - S32',3,'',9,2),
(192,'2021-04-09 08:08:11.811895','187','Samsung - S33',3,'',9,2),
(193,'2021-04-09 08:08:11.824128','188','Samsung - S34',3,'',9,2),
(194,'2021-04-09 08:08:11.838692','189','Samsung - S35',3,'',9,2),
(195,'2021-04-09 08:08:11.852834','190','Samsung - S36',3,'',9,2),
(196,'2021-04-09 08:08:11.863967','191','Samsung - S37',3,'',9,2),
(197,'2021-04-09 08:08:11.878661','192','Samsung - S38',3,'',9,2),
(198,'2021-04-09 08:08:11.890623','193','Samsung - S39',3,'',9,2),
(199,'2021-04-09 08:08:11.921860','194','Samsung - S40',3,'',9,2),
(200,'2021-04-09 08:08:11.933324','195','Samsung - S41',3,'',9,2),
(201,'2021-04-09 08:08:11.947979','196','Samsung - S42',3,'',9,2),
(202,'2021-04-09 08:08:11.961838','197','Samsung - S43',3,'',9,2),
(203,'2021-04-09 08:08:11.973315','198','Samsung - S44',3,'',9,2),
(204,'2021-04-09 08:08:11.985328','199','Samsung - S45',3,'',9,2),
(205,'2021-04-09 08:08:11.997232','200','Samsung - S46',3,'',9,2),
(206,'2021-04-09 08:08:12.013553','201','Samsung - S47',3,'',9,2),
(207,'2021-04-09 08:08:12.028264','202','Samsung - S48',3,'',9,2),
(208,'2021-04-09 08:08:12.043273','203','Samsung - S49',3,'',9,2),
(209,'2021-04-09 08:08:12.090809','204','Samsung - S50',3,'',9,2),
(210,'2021-04-09 08:08:12.112372','205','Samsung - S51',3,'',9,2),
(211,'2021-04-09 08:08:12.133988','206','Samsung - S52',3,'',9,2),
(212,'2021-04-09 08:08:12.148800','207','Samsung - S53',3,'',9,2),
(213,'2021-04-09 08:08:12.162673','208','Samsung - S54',3,'',9,2),
(214,'2021-04-09 08:08:12.175306','209','Samsung - S55',3,'',9,2),
(215,'2021-04-09 08:08:12.186641','210','Samsung - S56',3,'',9,2),
(216,'2021-04-09 08:08:12.195341','211','Samsung - S57',3,'',9,2),
(217,'2021-04-09 08:08:12.206653','212','Samsung - S58',3,'',9,2),
(218,'2021-04-09 08:08:12.215259','213','Samsung - S59',3,'',9,2),
(219,'2021-04-09 08:08:12.250906','214','Samsung - S60',3,'',9,2),
(220,'2021-04-09 08:08:12.266884','215','Samsung - S61',3,'',9,2),
(221,'2021-04-09 08:08:12.282831','216','Samsung - S62',3,'',9,2),
(222,'2021-04-09 08:08:12.296495','217','Samsung - S63',3,'',9,2),
(223,'2021-04-09 08:08:12.314863','218','Samsung - S64',3,'',9,2),
(224,'2021-04-09 08:08:12.333375','219','Samsung - S65',3,'',9,2),
(225,'2021-04-09 08:08:12.348346','220','Samsung - S66',3,'',9,2),
(226,'2021-04-09 08:08:12.364579','221','Samsung - S67',3,'',9,2),
(227,'2021-04-09 08:08:12.398370','222','Samsung - S68',3,'',9,2),
(228,'2021-04-09 08:08:12.412917','223','Samsung - S69',3,'',9,2),
(229,'2021-04-09 08:08:12.425555','224','Samsung - S70',3,'',9,2),
(230,'2021-04-09 08:08:12.442873','225','Samsung - S71',3,'',9,2),
(231,'2021-04-09 08:08:12.457736','226','Samsung - S72',3,'',9,2),
(232,'2021-04-09 08:08:12.470905','227','Samsung - S73',3,'',9,2),
(233,'2021-04-09 08:08:12.484668','228','Samsung - S74',3,'',9,2),
(234,'2021-04-09 08:08:12.501914','229','Samsung - S75',3,'',9,2),
(235,'2021-04-09 08:08:12.516474','230','Samsung - S76',3,'',9,2),
(236,'2021-04-09 08:08:12.529811','231','Samsung - S77',3,'',9,2),
(237,'2021-04-09 08:08:12.549819','232','Samsung - S78',3,'',9,2),
(238,'2021-04-09 08:08:12.565230','233','Samsung - S79',3,'',9,2),
(239,'2021-04-09 08:08:12.582194','234','Samsung - S80',3,'',9,2),
(240,'2021-04-09 08:08:12.608876','235','Samsung - S81',3,'',9,2),
(241,'2021-04-09 08:08:12.628438','236','Samsung - S82',3,'',9,2),
(242,'2021-04-09 08:08:12.644998','237','Samsung - S83',3,'',9,2),
(243,'2021-04-09 08:08:12.661792','238','Samsung - S84',3,'',9,2),
(244,'2021-04-09 08:08:12.678827','239','Samsung - S85',3,'',9,2),
(245,'2021-04-09 08:08:12.720026','240','Samsung - S86',3,'',9,2),
(246,'2021-04-09 08:08:12.739553','241','Samsung - S87',3,'',9,2),
(247,'2021-04-09 08:08:12.759838','242','Samsung - S88',3,'',9,2),
(248,'2021-04-09 08:08:12.782130','243','Samsung - S89',3,'',9,2),
(249,'2021-04-09 08:08:12.814774','244','Samsung - S90',3,'',9,2),
(250,'2021-04-09 08:08:12.844918','245','Samsung - S91',3,'',9,2),
(251,'2021-04-09 08:08:12.858773','246','Samsung - S92',3,'',9,2),
(252,'2021-04-09 08:08:12.869016','247','Samsung - S93',3,'',9,2),
(253,'2021-04-09 08:08:12.888783','248','Samsung - S94',3,'',9,2),
(254,'2021-04-09 08:08:12.898051','249','Samsung - S95',3,'',9,2),
(255,'2021-04-09 08:08:12.912315','250','Samsung - S96',3,'',9,2),
(256,'2021-04-09 08:08:12.931512','251','Samsung - S97',3,'',9,2),
(257,'2021-04-09 08:08:12.950296','252','Samsung - S98',3,'',9,2),
(258,'2021-04-09 08:08:12.965414','253','Samsung - S99',3,'',9,2),
(259,'2021-04-09 08:08:12.987004','254','Samsung - S100',3,'',9,2),
(260,'2021-04-09 08:08:12.997125','255','Samsung - S101',3,'',9,2),
(261,'2021-04-09 08:08:13.017841','256','Samsung - S102',3,'',9,2),
(262,'2021-04-09 08:08:13.030616','257','Samsung - S103',3,'',9,2),
(263,'2021-04-09 08:08:13.041185','258','Samsung - S104',3,'',9,2),
(264,'2021-04-09 08:08:13.066379','259','Samsung - S105',3,'',9,2),
(265,'2021-04-09 08:08:13.095819','260','Samsung - S106',3,'',9,2),
(266,'2021-04-09 08:08:13.108551','261','Samsung - S107',3,'',9,2),
(267,'2021-04-09 08:08:13.120120','262','Samsung - S108',3,'',9,2),
(268,'2021-04-09 08:08:13.134660','263','Samsung - S109',3,'',9,2),
(269,'2021-04-09 08:08:13.150823','264','Samsung - S110',3,'',9,2),
(270,'2021-04-09 08:08:13.165950','265','Samsung - S111',3,'',9,2),
(271,'2021-04-09 08:08:13.180796','266','Samsung - S112',3,'',9,2),
(272,'2021-04-09 08:08:13.194648','267','Samsung - S113',3,'',9,2),
(273,'2021-04-09 08:08:13.206853','268','Samsung - S114',3,'',9,2),
(274,'2021-04-09 08:08:13.220363','269','Samsung - S115',3,'',9,2),
(275,'2021-04-09 08:08:13.233008','270','Samsung - S116',3,'',9,2),
(276,'2021-04-09 08:08:13.246741','271','Samsung - S117',3,'',9,2),
(277,'2021-04-09 08:08:13.261675','272','Samsung - S118',3,'',9,2),
(278,'2021-04-09 08:08:13.286186','273','Samsung - S119',3,'',9,2),
(279,'2021-04-09 08:08:13.302426','274','Samsung - S120',3,'',9,2),
(280,'2021-04-09 08:08:13.319266','275','Samsung - S121',3,'',9,2),
(281,'2021-04-09 08:08:13.334816','276','Samsung - S122',3,'',9,2),
(282,'2021-04-09 08:08:13.347370','277','Samsung - S123',3,'',9,2),
(283,'2021-04-09 08:08:13.357014','278','Samsung - S124',3,'',9,2),
(284,'2021-04-09 08:08:13.393616','279','Samsung - S125',3,'',9,2),
(285,'2021-04-09 08:08:13.409187','280','Samsung - S126',3,'',9,2),
(286,'2021-04-09 08:08:13.427316','281','Samsung - S127',3,'',9,2),
(287,'2021-04-09 08:08:13.437811','282','Samsung - S128',3,'',9,2),
(288,'2021-04-09 08:08:13.448184','283','Samsung - S129',3,'',9,2),
(289,'2021-04-09 08:08:13.460524','284','Samsung - S130',3,'',9,2),
(290,'2021-04-09 08:08:13.470157','285','Samsung - S131',3,'',9,2),
(291,'2021-04-09 08:08:13.482238','286','Samsung - S132',3,'',9,2),
(292,'2021-04-09 08:08:13.492748','287','Samsung - S133',3,'',9,2),
(293,'2021-04-09 08:08:13.511506','288','Samsung - S134',3,'',9,2),
(294,'2021-04-09 08:08:13.537530','289','Samsung - S135',3,'',9,2),
(295,'2021-04-09 08:08:13.548731','290','Samsung - S136',3,'',9,2),
(296,'2021-04-09 08:08:13.569699','291','Samsung - S137',3,'',9,2),
(297,'2021-04-09 08:08:13.590850','292','Samsung - S138',3,'',9,2),
(298,'2021-04-09 08:08:13.602656','293','Samsung - S139',3,'',9,2),
(299,'2021-04-09 08:08:13.614958','294','Samsung - S140',3,'',9,2),
(300,'2021-04-09 08:08:13.630578','295','Samsung - S141',3,'',9,2),
(301,'2021-04-09 08:08:13.638621','296','Samsung - S142',3,'',9,2),
(302,'2021-04-09 08:08:13.649164','297','Samsung - S143',3,'',9,2),
(303,'2021-04-09 08:08:13.658650','298','Samsung - S144',3,'',9,2),
(304,'2021-04-09 08:08:13.670437','299','Samsung - S145',3,'',9,2),
(305,'2021-04-09 08:08:13.681721','300','Samsung - S146',3,'',9,2),
(306,'2021-04-09 08:08:13.692365','301','Samsung - S147',3,'',9,2),
(307,'2021-04-09 08:08:13.703188','302','Samsung - S148',3,'',9,2),
(308,'2021-04-09 08:08:13.716231','303','Samsung - S149',3,'',9,2),
(309,'2021-04-09 08:08:13.727056','304','Samsung - S150',3,'',9,2),
(310,'2021-04-09 08:08:13.737702','305','Samsung - S151',3,'',9,2),
(311,'2021-04-09 08:08:13.746420','306','Samsung - S152',3,'',9,2),
(312,'2021-04-09 08:08:13.755773','307','Samsung - S153',3,'',9,2),
(313,'2021-04-09 08:08:13.772365','308','Samsung - S154',3,'',9,2),
(314,'2021-04-09 08:08:13.784561','309','Samsung - S155',3,'',9,2),
(315,'2021-04-09 08:08:13.795809','310','Samsung - S156',3,'',9,2),
(316,'2021-04-09 08:08:13.807960','311','Samsung - S157',3,'',9,2),
(317,'2021-04-09 08:08:13.825418','312','Samsung - S158',3,'',9,2),
(318,'2021-04-09 08:08:13.837812','313','Samsung - S159',3,'',9,2),
(319,'2021-04-09 08:08:13.848466','314','Samsung - S160',3,'',9,2),
(320,'2021-04-09 08:08:13.867559','315','Samsung - S161',3,'',9,2),
(321,'2021-04-09 08:08:13.881286','316','Samsung - S162',3,'',9,2),
(322,'2021-04-09 08:08:13.893702','317','Samsung - S163',3,'',9,2),
(323,'2021-04-09 08:08:13.907362','318','Samsung - S164',3,'',9,2),
(324,'2021-04-09 08:08:13.917288','319','Samsung - S165',3,'',9,2),
(325,'2021-04-09 08:12:23.434942','874','S166',3,'',8,2),
(326,'2021-04-09 08:12:23.442180','873','S165',3,'',8,2),
(327,'2021-04-09 08:12:23.448415','872','S164',3,'',8,2),
(328,'2021-04-09 08:12:23.465993','871','S163',3,'',8,2),
(329,'2021-04-09 08:12:23.474191','870','S162',3,'',8,2),
(330,'2021-04-09 08:12:23.488308','869','S161',3,'',8,2),
(331,'2021-04-09 08:12:23.494543','868','S160',3,'',8,2),
(332,'2021-04-09 08:12:23.503631','867','S159',3,'',8,2),
(333,'2021-04-09 08:12:23.510570','866','S158',3,'',8,2),
(334,'2021-04-09 08:12:23.522161','865','S157',3,'',8,2),
(335,'2021-04-09 08:12:23.528658','864','S156',3,'',8,2),
(336,'2021-04-09 08:12:23.537101','863','S155',3,'',8,2),
(337,'2021-04-09 08:12:23.545020','862','S154',3,'',8,2),
(338,'2021-04-09 08:12:23.552730','861','S153',3,'',8,2),
(339,'2021-04-09 08:12:23.560593','860','S152',3,'',8,2),
(340,'2021-04-09 08:12:23.566937','859','S151',3,'',8,2),
(341,'2021-04-09 08:12:23.575828','858','S150',3,'',8,2),
(342,'2021-04-09 08:12:23.582395','857','S149',3,'',8,2),
(343,'2021-04-09 08:12:23.592972','856','S148',3,'',8,2),
(344,'2021-04-09 08:12:23.604616','855','S147',3,'',8,2),
(345,'2021-04-09 08:12:23.613357','854','S146',3,'',8,2),
(346,'2021-04-09 08:12:23.621483','853','S145',3,'',8,2),
(347,'2021-04-09 08:12:23.630936','852','S144',3,'',8,2),
(348,'2021-04-09 08:12:23.636616','851','S143',3,'',8,2),
(349,'2021-04-09 08:12:23.644605','850','S142',3,'',8,2),
(350,'2021-04-09 08:12:23.655565','849','S141',3,'',8,2),
(351,'2021-04-09 08:12:23.667954','848','S140',3,'',8,2),
(352,'2021-04-09 08:12:23.676709','847','S139',3,'',8,2),
(353,'2021-04-09 08:12:23.682754','846','S138',3,'',8,2),
(354,'2021-04-09 08:12:23.688816','845','S137',3,'',8,2),
(355,'2021-04-09 08:12:23.695906','844','S136',3,'',8,2),
(356,'2021-04-09 08:12:23.706728','843','S135',3,'',8,2),
(357,'2021-04-09 08:12:23.717072','842','S134',3,'',8,2),
(358,'2021-04-09 08:12:23.724022','841','S133',3,'',8,2),
(359,'2021-04-09 08:12:23.730645','840','S132',3,'',8,2),
(360,'2021-04-09 08:12:23.736648','839','S131',3,'',8,2),
(361,'2021-04-09 08:12:23.742770','838','S130',3,'',8,2),
(362,'2021-04-09 08:12:23.749291','837','S129',3,'',8,2),
(363,'2021-04-09 08:12:23.757730','836','S128',3,'',8,2),
(364,'2021-04-09 08:12:23.767468','835','S127',3,'',8,2),
(365,'2021-04-09 08:12:23.780858','834','S126',3,'',8,2),
(366,'2021-04-09 08:12:23.789330','833','S125',3,'',8,2),
(367,'2021-04-09 08:12:23.794581','832','S124',3,'',8,2),
(368,'2021-04-09 08:12:23.800363','831','S123',3,'',8,2),
(369,'2021-04-09 08:12:23.807732','830','S122',3,'',8,2),
(370,'2021-04-09 08:12:23.813259','829','S121',3,'',8,2),
(371,'2021-04-09 08:12:23.822668','828','S120',3,'',8,2),
(372,'2021-04-09 08:12:23.829251','827','S119',3,'',8,2),
(373,'2021-04-09 08:12:23.835706','826','S118',3,'',8,2),
(374,'2021-04-09 08:12:23.843107','825','S117',3,'',8,2),
(375,'2021-04-09 08:12:23.850542','824','S116',3,'',8,2),
(376,'2021-04-09 08:12:23.866691','823','S115',3,'',8,2),
(377,'2021-04-09 08:12:23.872203','822','S114',3,'',8,2),
(378,'2021-04-09 08:12:23.878615','821','S113',3,'',8,2),
(379,'2021-04-09 08:12:23.884506','820','S112',3,'',8,2),
(380,'2021-04-09 08:12:23.890577','819','S111',3,'',8,2),
(381,'2021-04-09 08:12:23.898339','818','S110',3,'',8,2),
(382,'2021-04-09 08:12:23.903845','817','S109',3,'',8,2),
(383,'2021-04-09 08:12:23.911443','816','S108',3,'',8,2),
(384,'2021-04-09 08:12:23.926928','815','S107',3,'',8,2),
(385,'2021-04-09 08:12:23.935643','814','S106',3,'',8,2),
(386,'2021-04-09 08:12:23.944851','813','S105',3,'',8,2),
(387,'2021-04-09 08:12:23.951433','812','S104',3,'',8,2),
(388,'2021-04-09 08:12:23.958064','811','S103',3,'',8,2),
(389,'2021-04-09 08:12:23.967606','810','S102',3,'',8,2),
(390,'2021-04-09 08:12:23.980719','809','S101',3,'',8,2),
(391,'2021-04-09 08:12:23.989094','808','S100',3,'',8,2),
(392,'2021-04-09 08:12:23.996302','807','S99',3,'',8,2),
(393,'2021-04-09 08:12:24.009419','806','S98',3,'',8,2),
(394,'2021-04-09 08:12:24.016646','805','S97',3,'',8,2),
(395,'2021-04-09 08:12:24.022200','804','S96',3,'',8,2),
(396,'2021-04-09 08:12:24.034562','803','S95',3,'',8,2),
(397,'2021-04-09 08:12:24.041367','802','S94',3,'',8,2),
(398,'2021-04-09 08:12:24.048410','801','S93',3,'',8,2),
(399,'2021-04-09 08:12:24.059343','800','S92',3,'',8,2),
(400,'2021-04-09 08:12:24.064835','799','S91',3,'',8,2),
(401,'2021-04-09 08:12:24.073014','798','S90',3,'',8,2),
(402,'2021-04-09 08:12:24.078541','797','S89',3,'',8,2),
(403,'2021-04-09 08:12:24.084684','796','S88',3,'',8,2),
(404,'2021-04-09 08:12:24.094588','795','S87',3,'',8,2),
(405,'2021-04-09 08:12:24.102539','794','S86',3,'',8,2),
(406,'2021-04-09 08:12:24.109361','793','S85',3,'',8,2),
(407,'2021-04-09 08:12:24.116633','792','S84',3,'',8,2),
(408,'2021-04-09 08:12:24.123713','791','S83',3,'',8,2),
(409,'2021-04-09 08:12:24.129377','790','S82',3,'',8,2),
(410,'2021-04-09 08:12:24.135346','789','S81',3,'',8,2),
(411,'2021-04-09 08:12:24.142601','788','S80',3,'',8,2),
(412,'2021-04-09 08:12:24.148329','787','S79',3,'',8,2),
(413,'2021-04-09 08:12:24.158633','786','S78',3,'',8,2),
(414,'2021-04-09 08:12:24.163902','785','S77',3,'',8,2),
(415,'2021-04-09 08:12:24.171370','784','S76',3,'',8,2),
(416,'2021-04-09 08:12:24.179174','783','S75',3,'',8,2),
(417,'2021-04-09 08:12:24.184766','782','S74',3,'',8,2),
(418,'2021-04-09 08:12:24.190634','781','S73',3,'',8,2),
(419,'2021-04-09 08:12:24.196670','780','S72',3,'',8,2),
(420,'2021-04-09 08:12:24.206659','779','S71',3,'',8,2),
(421,'2021-04-09 08:12:24.214579','778','S70',3,'',8,2),
(422,'2021-04-09 08:12:24.220938','777','S69',3,'',8,2),
(423,'2021-04-09 08:12:24.232858','776','S68',3,'',8,2),
(424,'2021-04-09 08:12:24.240543','775','S67',3,'',8,2),
(425,'2021-04-09 08:12:24.246174','774','S66',3,'',8,2),
(426,'2021-04-09 08:12:24.252329','773','S65',3,'',8,2),
(427,'2021-04-09 08:12:24.264848','772','S64',3,'',8,2),
(428,'2021-04-09 08:12:24.269995','771','S63',3,'',8,2),
(429,'2021-04-09 08:12:24.278555','770','S62',3,'',8,2),
(430,'2021-04-09 08:12:24.285170','769','S61',3,'',8,2),
(431,'2021-04-09 08:12:24.293747','768','S60',3,'',8,2),
(432,'2021-04-09 08:12:24.305463','767','S59',3,'',8,2),
(433,'2021-04-09 08:12:24.317821','766','S58',3,'',8,2),
(434,'2021-04-09 08:12:24.323816','765','S57',3,'',8,2),
(435,'2021-04-09 08:12:24.328892','764','S56',3,'',8,2),
(436,'2021-04-09 08:12:24.336629','763','S55',3,'',8,2),
(437,'2021-04-09 08:12:24.342078','762','S54',3,'',8,2),
(438,'2021-04-09 08:12:24.348494','761','S53',3,'',8,2),
(439,'2021-04-09 08:12:24.355140','760','S52',3,'',8,2),
(440,'2021-04-09 08:12:24.361107','759','S51',3,'',8,2),
(441,'2021-04-09 08:12:24.369632','758','S50',3,'',8,2),
(442,'2021-04-09 08:12:24.380162','757','S49',3,'',8,2),
(443,'2021-04-09 08:12:24.386001','756','S48',3,'',8,2),
(444,'2021-04-09 08:12:24.394651','755','S47',3,'',8,2),
(445,'2021-04-09 08:12:24.401512','754','S46',3,'',8,2),
(446,'2021-04-09 08:12:24.407568','753','S45',3,'',8,2),
(447,'2021-04-09 08:12:24.413669','752','S44',3,'',8,2),
(448,'2021-04-09 08:12:24.420293','751','S43',3,'',8,2),
(449,'2021-04-09 08:12:24.426586','750','S42',3,'',8,2),
(450,'2021-04-09 08:12:24.433109','749','S41',3,'',8,2),
(451,'2021-04-09 08:12:24.440304','748','S40',3,'',8,2),
(452,'2021-04-09 08:12:24.450631','747','S39',3,'',8,2),
(453,'2021-04-09 08:12:24.458585','746','S38',3,'',8,2),
(454,'2021-04-09 08:12:24.465416','745','S37',3,'',8,2),
(455,'2021-04-09 08:12:24.471015','744','S36',3,'',8,2),
(456,'2021-04-09 08:12:24.490997','743','S35',3,'',8,2),
(457,'2021-04-09 08:12:24.499832','742','S34',3,'',8,2),
(458,'2021-04-09 08:12:24.522711','741','S33',3,'',8,2),
(459,'2021-04-09 08:12:24.538739','740','S32',3,'',8,2),
(460,'2021-04-09 08:12:24.547935','739','S31',3,'',8,2),
(461,'2021-04-09 08:12:24.562731','738','S30',3,'',8,2),
(462,'2021-04-09 08:12:24.568978','737','S29',3,'',8,2),
(463,'2021-04-09 08:12:24.578589','736','S28',3,'',8,2),
(464,'2021-04-09 08:12:24.586677','735','S27',3,'',8,2),
(465,'2021-04-09 08:12:24.593278','734','S26',3,'',8,2),
(466,'2021-04-09 08:12:24.599866','733','S25',3,'',8,2),
(467,'2021-04-09 08:12:24.607431','732','S24',3,'',8,2),
(468,'2021-04-09 08:12:24.616596','731','S23',3,'',8,2),
(469,'2021-04-09 08:12:24.625344','730','S22',3,'',8,2),
(470,'2021-04-09 08:12:24.632158','729','S21',3,'',8,2),
(471,'2021-04-09 08:12:24.642020','728','S20',3,'',8,2),
(472,'2021-04-09 08:12:24.650368','727','S19',3,'',8,2),
(473,'2021-04-09 08:12:24.663700','726','S18',3,'',8,2),
(474,'2021-04-09 08:12:24.677880','725','S17',3,'',8,2),
(475,'2021-04-09 08:12:24.686560','724','S16',3,'',8,2),
(476,'2021-04-09 08:12:24.696680','723','S15',3,'',8,2),
(477,'2021-04-09 08:12:24.708164','722','S14',3,'',8,2),
(478,'2021-04-09 08:12:24.722840','721','S13',3,'',8,2),
(479,'2021-04-09 08:12:24.730644','720','S12',3,'',8,2),
(480,'2021-04-09 08:12:24.736996','719','S11',3,'',8,2),
(481,'2021-04-09 08:53:36.518207','343','Samsung - Gs21 ultra 5g',1,'new through import_export',9,2),
(482,'2021-04-09 08:53:36.839352','344','Samsung - S10',1,'new through import_export',9,2),
(483,'2021-04-09 08:53:37.165514','345','Samsung - S10',1,'new through import_export',9,2),
(484,'2021-04-09 08:53:37.480696','346','Samsung - S15',1,'new through import_export',9,2),
(485,'2021-04-09 08:54:30.869076','343','Samsung - Gs21 ultra 5g',2,'[{\"changed\": {\"fields\": [\"PURPOSE\"]}}]',9,2),
(486,'2021-04-09 08:54:48.279434','162','Samsung - Gs21 ultra 5g',2,'[{\"changed\": {\"fields\": [\"PURPOSE\"]}}]',9,2),
(487,'2021-04-09 08:55:30.876443','346','Samsung - S15',2,'[]',9,2),
(488,'2021-04-09 13:41:23.350737','161','Samsung - 125.0',2,'update through import_export',9,2),
(489,'2021-04-09 13:41:23.355843','162','Samsung - 125.0',2,'update through import_export',9,2),
(490,'2021-04-09 13:41:23.361195','163','Samsung - 125.0',2,'update through import_export',9,2),
(491,'2021-04-09 13:41:23.367107','164','Samsung - 125.0',2,'update through import_export',9,2),
(492,'2021-04-09 13:41:23.372544','501','Samsung - 125.0',1,'new through import_export',9,2),
(493,'2021-04-09 13:41:23.377782','502','Samsung - 125.0',1,'new through import_export',9,2),
(494,'2021-04-09 13:41:23.385051','503','Samsung - 125.0',1,'new through import_export',9,2),
(495,'2021-04-09 13:41:23.394158','504','Samsung - 125.0',1,'new through import_export',9,2),
(496,'2021-04-09 13:41:23.399592','346','Samsung - 125.0',2,'update through import_export',9,2),
(497,'2021-04-09 13:41:23.407013','505','Samsung - 125.0',1,'new through import_export',9,2),
(498,'2021-04-09 13:41:23.411885','506','Samsung - 125.0',1,'new through import_export',9,2),
(499,'2021-04-09 13:41:23.416852','507','Samsung - 125.0',1,'new through import_export',9,2),
(500,'2021-04-09 13:41:23.421977','508','Samsung - 125.0',1,'new through import_export',9,2),
(501,'2021-04-09 13:41:23.427260','509','Samsung - 125.0',1,'new through import_export',9,2),
(502,'2021-04-09 13:41:23.432651','510','Samsung - 125.0',1,'new through import_export',9,2),
(503,'2021-04-09 13:41:23.438358','511','Samsung - 125.0',1,'new through import_export',9,2),
(504,'2021-04-09 13:41:23.443700','512','Samsung - 125.0',1,'new through import_export',9,2),
(505,'2021-04-09 13:41:23.448744','513','Samsung - 125.0',1,'new through import_export',9,2),
(506,'2021-04-09 13:41:23.453980','514','Samsung - 125.0',1,'new through import_export',9,2),
(507,'2021-04-09 13:41:23.459683','515','Samsung - 125.0',1,'new through import_export',9,2),
(508,'2021-04-09 13:41:23.465603','516','Samsung - 125.0',1,'new through import_export',9,2),
(509,'2021-04-09 13:41:23.470666','517','Samsung - 125.0',1,'new through import_export',9,2),
(510,'2021-04-09 13:41:23.476210','518','Samsung - 125.0',1,'new through import_export',9,2),
(511,'2021-04-09 13:41:23.482220','519','Samsung - 125.0',1,'new through import_export',9,2),
(512,'2021-04-09 13:41:23.487574','520','Samsung - 125.0',1,'new through import_export',9,2),
(513,'2021-04-09 13:41:23.492815','521','Samsung - 125.0',1,'new through import_export',9,2),
(514,'2021-04-09 13:41:23.498056','522','Samsung - 125.0',1,'new through import_export',9,2),
(515,'2021-04-09 13:41:23.503313','523','Samsung - 125.0',1,'new through import_export',9,2),
(516,'2021-04-09 13:41:23.508827','524','Samsung - 125.0',1,'new through import_export',9,2),
(517,'2021-04-09 13:41:23.514170','525','Samsung - 125.0',1,'new through import_export',9,2),
(518,'2021-04-09 13:41:23.519998','526','Samsung - 125.0',1,'new through import_export',9,2),
(519,'2021-04-09 13:41:23.525367','527','Samsung - 125.0',1,'new through import_export',9,2),
(520,'2021-04-09 13:41:23.530737','528','Samsung - 125.0',1,'new through import_export',9,2),
(521,'2021-04-09 13:41:23.536369','529','Samsung - 125.0',1,'new through import_export',9,2),
(522,'2021-04-09 13:41:23.541953','530','Samsung - 125.0',1,'new through import_export',9,2),
(523,'2021-04-09 13:41:23.547898','531','Samsung - 125.0',1,'new through import_export',9,2),
(524,'2021-04-09 13:41:23.553721','532','Samsung - 125.0',1,'new through import_export',9,2),
(525,'2021-04-09 13:41:23.559505','533','Samsung - 125.0',1,'new through import_export',9,2),
(526,'2021-04-09 13:41:23.565590','534','Samsung - 125.0',1,'new through import_export',9,2),
(527,'2021-04-09 13:41:23.571695','535','Samsung - 125.0',1,'new through import_export',9,2),
(528,'2021-04-09 13:41:23.578059','536','Samsung - 125.0',1,'new through import_export',9,2),
(529,'2021-04-09 13:41:23.584752','537','Samsung - 125.0',1,'new through import_export',9,2),
(530,'2021-04-09 13:41:23.590751','538','Samsung - 125.0',1,'new through import_export',9,2),
(531,'2021-04-09 13:41:23.597106','539','Samsung - 125.0',1,'new through import_export',9,2),
(532,'2021-04-09 13:41:23.603292','540','Samsung - 125.0',1,'new through import_export',9,2),
(533,'2021-04-09 13:41:23.609052','541','Samsung - 125.0',1,'new through import_export',9,2),
(534,'2021-04-09 13:41:23.614924','542','Samsung - 125.0',1,'new through import_export',9,2),
(535,'2021-04-09 13:41:23.620785','543','Samsung - 125.0',1,'new through import_export',9,2),
(536,'2021-04-09 13:41:23.626989','544','Samsung - 125.0',1,'new through import_export',9,2),
(537,'2021-04-09 13:41:23.632979','545','Samsung - 125.0',1,'new through import_export',9,2),
(538,'2021-04-09 13:41:23.638517','546','Samsung - 125.0',1,'new through import_export',9,2),
(539,'2021-04-09 13:41:23.648148','547','Samsung - 125.0',1,'new through import_export',9,2),
(540,'2021-04-09 13:41:23.654185','548','Samsung - 125.0',1,'new through import_export',9,2),
(541,'2021-04-09 13:41:23.659985','549','Samsung - 125.0',1,'new through import_export',9,2),
(542,'2021-04-09 13:41:23.665770','550','Samsung - 125.0',1,'new through import_export',9,2),
(543,'2021-04-09 13:41:23.671931','551','Samsung - 125.0',1,'new through import_export',9,2),
(544,'2021-04-09 13:41:23.679257','552','Samsung - 125.0',1,'new through import_export',9,2),
(545,'2021-04-09 13:41:23.685481','553','Samsung - 125.0',1,'new through import_export',9,2),
(546,'2021-04-09 13:41:23.691267','554','Samsung - 125.0',1,'new through import_export',9,2),
(547,'2021-04-09 13:41:23.702519','555','Samsung - 125.0',1,'new through import_export',9,2),
(548,'2021-04-09 13:41:23.708954','556','Samsung - 125.0',1,'new through import_export',9,2),
(549,'2021-04-09 13:41:23.715559','557','Samsung - 125.0',1,'new through import_export',9,2),
(550,'2021-04-09 13:41:23.722650','558','Samsung - 125.0',1,'new through import_export',9,2),
(551,'2021-04-09 13:41:23.728333','559','Samsung - 125.0',1,'new through import_export',9,2),
(552,'2021-04-09 13:41:23.736286','560','Samsung - 125.0',1,'new through import_export',9,2),
(553,'2021-04-09 13:41:23.743306','561','Samsung - 125.0',1,'new through import_export',9,2),
(554,'2021-04-09 13:41:23.748498','562','Samsung - 125.0',1,'new through import_export',9,2),
(555,'2021-04-09 13:41:23.753964','563','Samsung - 125.0',1,'new through import_export',9,2),
(556,'2021-04-09 13:41:23.759080','564','Samsung - 125.0',1,'new through import_export',9,2),
(557,'2021-04-09 13:41:23.765007','565','Samsung - 125.0',1,'new through import_export',9,2),
(558,'2021-04-09 13:41:23.770464','566','Samsung - 125.0',1,'new through import_export',9,2),
(559,'2021-04-09 13:41:23.776326','567','Samsung - 125.0',1,'new through import_export',9,2),
(560,'2021-04-09 13:41:23.781494','568','Samsung - 125.0',1,'new through import_export',9,2),
(561,'2021-04-09 13:41:23.787103','569','Samsung - 125.0',1,'new through import_export',9,2),
(562,'2021-04-09 13:41:23.792460','570','Samsung - 125.0',1,'new through import_export',9,2),
(563,'2021-04-09 13:41:23.802544','571','Samsung - 125.0',1,'new through import_export',9,2),
(564,'2021-04-09 13:41:23.808292','572','Samsung - 125.0',1,'new through import_export',9,2),
(565,'2021-04-09 13:41:23.814073','573','Samsung - 125.0',1,'new through import_export',9,2),
(566,'2021-04-09 13:41:23.819928','574','Samsung - 125.0',1,'new through import_export',9,2),
(567,'2021-04-09 13:41:23.825419','575','Samsung - 125.0',1,'new through import_export',9,2),
(568,'2021-04-09 13:41:23.832553','576','Samsung - 125.0',1,'new through import_export',9,2),
(569,'2021-04-09 13:41:23.838483','577','Samsung - 125.0',1,'new through import_export',9,2),
(570,'2021-04-09 13:41:23.844627','578','Samsung - 125.0',1,'new through import_export',9,2),
(571,'2021-04-09 13:41:23.850718','579','Samsung - 125.0',1,'new through import_export',9,2),
(572,'2021-04-09 13:41:23.856163','580','Samsung - 125.0',1,'new through import_export',9,2),
(573,'2021-04-09 13:41:23.862090','581','Samsung - 125.0',1,'new through import_export',9,2),
(574,'2021-04-09 13:41:23.867445','582','Samsung - 125.0',1,'new through import_export',9,2),
(575,'2021-04-09 13:41:23.873447','583','Samsung - 125.0',1,'new through import_export',9,2),
(576,'2021-04-09 13:41:23.879535','584','Samsung - 125.0',1,'new through import_export',9,2),
(577,'2021-04-09 13:41:23.885267','585','Samsung - 125.0',1,'new through import_export',9,2),
(578,'2021-04-09 13:41:23.891022','586','Samsung - 125.0',1,'new through import_export',9,2),
(579,'2021-04-09 13:41:23.896783','587','Samsung - 125.0',1,'new through import_export',9,2),
(580,'2021-04-09 13:41:23.902189','588','Samsung - 125.0',1,'new through import_export',9,2),
(581,'2021-04-09 13:41:23.907832','589','Samsung - 125.0',1,'new through import_export',9,2),
(582,'2021-04-09 13:41:23.913358','590','Samsung - 125.0',1,'new through import_export',9,2),
(583,'2021-04-09 13:41:23.919457','591','Samsung - 125.0',1,'new through import_export',9,2),
(584,'2021-04-09 13:41:23.924993','592','Samsung - 125.0',1,'new through import_export',9,2),
(585,'2021-04-09 13:41:23.930987','593','Samsung - 125.0',1,'new through import_export',9,2),
(586,'2021-04-09 13:41:23.937050','594','Samsung - 125.0',1,'new through import_export',9,2),
(587,'2021-04-09 13:41:23.943071','595','Samsung - 125.0',1,'new through import_export',9,2),
(588,'2021-04-09 13:41:23.949071','596','Samsung - 125.0',1,'new through import_export',9,2),
(589,'2021-04-09 13:41:23.954794','597','Samsung - 125.0',1,'new through import_export',9,2),
(590,'2021-04-09 13:41:23.960860','598','Samsung - 125.0',1,'new through import_export',9,2),
(591,'2021-04-09 13:41:23.966490','599','Samsung - 125.0',1,'new through import_export',9,2),
(592,'2021-04-09 13:41:23.971647','600','Samsung - 125.0',1,'new through import_export',9,2),
(593,'2021-04-09 13:41:23.977438','601','Samsung - 125.0',1,'new through import_export',9,2),
(594,'2021-04-09 13:41:23.984406','602','Samsung - 125.0',1,'new through import_export',9,2),
(595,'2021-04-09 13:41:23.990793','603','Samsung - 125.0',1,'new through import_export',9,2),
(596,'2021-04-09 13:41:23.996633','604','Samsung - 125.0',1,'new through import_export',9,2),
(597,'2021-04-09 13:41:24.002102','605','Samsung - 125.0',1,'new through import_export',9,2),
(598,'2021-04-09 13:41:24.011813','606','Samsung - 125.0',1,'new through import_export',9,2),
(599,'2021-04-09 13:41:24.017953','607','Samsung - 125.0',1,'new through import_export',9,2),
(600,'2021-04-09 13:41:24.023522','608','Samsung - 125.0',1,'new through import_export',9,2),
(601,'2021-04-09 13:41:24.031387','609','Samsung - 125.0',1,'new through import_export',9,2),
(602,'2021-04-09 13:41:24.041683','610','Samsung - 125.0',1,'new through import_export',9,2),
(603,'2021-04-09 13:41:24.048202','611','Samsung - 125.0',1,'new through import_export',9,2),
(604,'2021-04-09 13:41:24.054816','612','Samsung - 125.0',1,'new through import_export',9,2),
(605,'2021-04-09 13:41:24.060683','613','Samsung - 125.0',1,'new through import_export',9,2),
(606,'2021-04-09 13:41:24.066553','614','Samsung - 125.0',1,'new through import_export',9,2),
(607,'2021-04-09 13:41:24.072618','615','Samsung - 125.0',1,'new through import_export',9,2),
(608,'2021-04-09 13:41:24.078363','616','Samsung - 125.0',1,'new through import_export',9,2),
(609,'2021-04-09 13:41:24.084522','617','Samsung - 125.0',1,'new through import_export',9,2),
(610,'2021-04-09 13:41:24.090190','618','Samsung - 125.0',1,'new through import_export',9,2),
(611,'2021-04-09 13:41:24.096085','619','Samsung - 125.0',1,'new through import_export',9,2),
(612,'2021-04-09 13:41:24.101869','620','Samsung - 125.0',1,'new through import_export',9,2),
(613,'2021-04-09 13:41:24.108271','621','Samsung - 125.0',1,'new through import_export',9,2),
(614,'2021-04-09 13:41:24.114136','622','Samsung - 125.0',1,'new through import_export',9,2),
(615,'2021-04-09 13:41:24.119809','623','Samsung - 125.0',1,'new through import_export',9,2),
(616,'2021-04-09 13:41:24.125848','624','Samsung - 125.0',1,'new through import_export',9,2),
(617,'2021-04-09 13:41:24.131802','625','Samsung - 125.0',1,'new through import_export',9,2),
(618,'2021-04-09 13:41:24.137250','626','Samsung - 125.0',1,'new through import_export',9,2),
(619,'2021-04-09 13:41:24.143461','627','Samsung - 125.0',1,'new through import_export',9,2),
(620,'2021-04-09 13:41:24.149255','628','Samsung - 125.0',1,'new through import_export',9,2),
(621,'2021-04-09 13:41:24.154978','629','Samsung - 125.0',1,'new through import_export',9,2),
(622,'2021-04-09 13:41:24.160867','630','Samsung - 125.0',1,'new through import_export',9,2),
(623,'2021-04-09 13:41:24.166862','631','Samsung - 125.0',1,'new through import_export',9,2),
(624,'2021-04-09 13:41:24.173327','632','Samsung - 125.0',1,'new through import_export',9,2),
(625,'2021-04-09 13:41:24.183298','633','Samsung - 125.0',1,'new through import_export',9,2),
(626,'2021-04-09 13:41:24.189643','634','Samsung - 125.0',1,'new through import_export',9,2),
(627,'2021-04-09 13:41:24.195397','635','Samsung - 125.0',1,'new through import_export',9,2),
(628,'2021-04-09 13:41:24.203354','636','Samsung - 125.0',1,'new through import_export',9,2),
(629,'2021-04-09 13:41:24.209380','637','Samsung - 125.0',1,'new through import_export',9,2),
(630,'2021-04-09 13:41:24.215731','638','Samsung - 125.0',1,'new through import_export',9,2),
(631,'2021-04-09 13:41:24.221376','639','Samsung - 125.0',1,'new through import_export',9,2),
(632,'2021-04-09 13:41:24.227334','640','Samsung - 125.0',1,'new through import_export',9,2),
(633,'2021-04-09 13:41:24.234249','641','Samsung - 125.0',1,'new through import_export',9,2),
(634,'2021-04-09 13:41:24.241247','642','Samsung - 125.0',1,'new through import_export',9,2),
(635,'2021-04-09 13:41:24.247225','643','Samsung - 125.0',1,'new through import_export',9,2),
(636,'2021-04-09 13:41:24.253310','644','Samsung - 125.0',1,'new through import_export',9,2),
(637,'2021-04-09 13:41:24.259345','645','Samsung - 125.0',1,'new through import_export',9,2),
(638,'2021-04-09 13:41:24.264744','646','Samsung - 125.0',1,'new through import_export',9,2),
(639,'2021-04-09 13:41:24.270517','647','Samsung - 125.0',1,'new through import_export',9,2),
(640,'2021-04-09 13:41:24.277245','648','Samsung - 125.0',1,'new through import_export',9,2),
(641,'2021-04-09 13:41:24.284124','649','Samsung - 125.0',1,'new through import_export',9,2),
(642,'2021-04-09 13:41:24.290086','650','Samsung - 125.0',1,'new through import_export',9,2),
(643,'2021-04-09 13:41:24.296274','651','Samsung - 125.0',1,'new through import_export',9,2),
(644,'2021-04-09 13:41:24.301857','652','Samsung - 125.0',1,'new through import_export',9,2),
(645,'2021-04-09 13:41:24.308330','653','Samsung - 125.0',1,'new through import_export',9,2),
(646,'2021-04-09 13:41:24.313973','654','Samsung - 125.0',1,'new through import_export',9,2),
(647,'2021-04-09 14:07:43.545204','343','Samsung - Gs21 ultra 5g',2,'update through import_export',9,2),
(648,'2021-04-09 14:07:43.866620','344','Samsung - S10',2,'update through import_export',9,2),
(649,'2021-04-09 14:07:44.186489','345','Samsung - S10',2,'update through import_export',9,2),
(650,'2021-04-09 14:07:44.468773','346','None - None',2,'update through import_export',9,2),
(651,'2021-04-09 14:07:44.826780','661','None - None',1,'new through import_export',9,2),
(652,'2021-04-09 14:07:45.145963','662','None - None',1,'new through import_export',9,2),
(653,'2021-04-09 14:07:45.466073','663','None - None',1,'new through import_export',9,2),
(654,'2021-04-09 14:07:45.787213','664','None - None',1,'new through import_export',9,2),
(655,'2021-04-09 14:07:46.108354','665','None - None',1,'new through import_export',9,2),
(656,'2021-04-09 14:07:46.427503','666','None - None',1,'new through import_export',9,2),
(657,'2021-04-09 14:15:26.265495','666','None - None',3,'',9,2),
(658,'2021-04-09 14:15:26.912101','665','None - None',3,'',9,2),
(659,'2021-04-09 14:15:27.227259','664','None - None',3,'',9,2),
(660,'2021-04-09 14:15:27.545608','663','None - None',3,'',9,2),
(661,'2021-04-09 14:15:27.866111','662','None - None',3,'',9,2),
(662,'2021-04-09 14:15:28.315608','661','None - None',3,'',9,2),
(663,'2021-04-09 14:15:29.182231','346','None - None',3,'',9,2),
(664,'2021-04-09 18:51:32.666907','654','Samsung - 125.0',3,'',9,2),
(665,'2021-04-09 18:51:32.683806','653','Samsung - 125.0',3,'',9,2),
(666,'2021-04-09 18:51:32.722997','652','Samsung - 125.0',3,'',9,2),
(667,'2021-04-09 18:51:32.758742','651','Samsung - 125.0',3,'',9,2),
(668,'2021-04-09 18:51:32.768189','650','Samsung - 125.0',3,'',9,2),
(669,'2021-04-09 18:51:32.775265','649','Samsung - 125.0',3,'',9,2),
(670,'2021-04-09 18:51:32.782403','648','Samsung - 125.0',3,'',9,2),
(671,'2021-04-09 18:51:32.790373','647','Samsung - 125.0',3,'',9,2),
(672,'2021-04-09 18:51:32.799980','646','Samsung - 125.0',3,'',9,2),
(673,'2021-04-09 18:51:32.807190','645','Samsung - 125.0',3,'',9,2),
(674,'2021-04-09 18:51:32.826741','644','Samsung - 125.0',3,'',9,2),
(675,'2021-04-09 18:51:32.862136','643','Samsung - 125.0',3,'',9,2),
(676,'2021-04-09 18:51:32.875111','642','Samsung - 125.0',3,'',9,2),
(677,'2021-04-09 18:51:32.898904','641','Samsung - 125.0',3,'',9,2),
(678,'2021-04-09 18:51:32.947153','640','Samsung - 125.0',3,'',9,2),
(679,'2021-04-09 18:51:32.968451','639','Samsung - 125.0',3,'',9,2),
(680,'2021-04-09 18:51:32.982011','638','Samsung - 125.0',3,'',9,2),
(681,'2021-04-09 18:51:32.992107','637','Samsung - 125.0',3,'',9,2),
(682,'2021-04-09 18:51:33.012009','636','Samsung - 125.0',3,'',9,2),
(683,'2021-04-09 18:51:33.049201','635','Samsung - 125.0',3,'',9,2),
(684,'2021-04-09 18:51:33.081378','634','Samsung - 125.0',3,'',9,2),
(685,'2021-04-09 18:51:33.093514','633','Samsung - 125.0',3,'',9,2),
(686,'2021-04-09 18:51:33.112757','632','Samsung - 125.0',3,'',9,2),
(687,'2021-04-09 18:51:33.125441','631','Samsung - 125.0',3,'',9,2),
(688,'2021-04-09 18:51:33.136802','630','Samsung - 125.0',3,'',9,2),
(689,'2021-04-09 18:51:33.156732','629','Samsung - 125.0',3,'',9,2),
(690,'2021-04-09 18:51:33.189866','628','Samsung - 125.0',3,'',9,2),
(691,'2021-04-09 18:51:33.196763','627','Samsung - 125.0',3,'',9,2),
(692,'2021-04-09 18:51:33.204222','626','Samsung - 125.0',3,'',9,2),
(693,'2021-04-09 18:51:33.211240','625','Samsung - 125.0',3,'',9,2),
(694,'2021-04-09 18:51:33.240085','624','Samsung - 125.0',3,'',9,2),
(695,'2021-04-09 18:51:33.252443','623','Samsung - 125.0',3,'',9,2),
(696,'2021-04-09 18:51:33.265188','622','Samsung - 125.0',3,'',9,2),
(697,'2021-04-09 18:51:33.273317','621','Samsung - 125.0',3,'',9,2),
(698,'2021-04-09 18:51:33.311451','620','Samsung - 125.0',3,'',9,2),
(699,'2021-04-09 18:51:33.321683','619','Samsung - 125.0',3,'',9,2),
(700,'2021-04-09 18:51:33.333260','618','Samsung - 125.0',3,'',9,2),
(701,'2021-04-09 18:51:33.343600','617','Samsung - 125.0',3,'',9,2),
(702,'2021-04-09 18:51:33.364417','616','Samsung - 125.0',3,'',9,2),
(703,'2021-04-09 18:51:33.383013','615','Samsung - 125.0',3,'',9,2),
(704,'2021-04-09 18:51:33.396875','614','Samsung - 125.0',3,'',9,2),
(705,'2021-04-09 18:51:33.405118','613','Samsung - 125.0',3,'',9,2),
(706,'2021-04-09 18:51:33.421345','612','Samsung - 125.0',3,'',9,2),
(707,'2021-04-09 18:51:33.431222','611','Samsung - 125.0',3,'',9,2),
(708,'2021-04-09 18:51:33.443810','610','Samsung - 125.0',3,'',9,2),
(709,'2021-04-09 18:51:33.451033','609','Samsung - 125.0',3,'',9,2),
(710,'2021-04-09 18:51:33.464385','608','Samsung - 125.0',3,'',9,2),
(711,'2021-04-09 18:51:33.479692','607','Samsung - 125.0',3,'',9,2),
(712,'2021-04-09 18:51:33.490229','606','Samsung - 125.0',3,'',9,2),
(713,'2021-04-09 18:51:33.503577','605','Samsung - 125.0',3,'',9,2),
(714,'2021-04-09 18:51:33.551890','604','Samsung - 125.0',3,'',9,2),
(715,'2021-04-09 18:51:33.569546','603','Samsung - 125.0',3,'',9,2),
(716,'2021-04-09 18:51:33.577163','602','Samsung - 125.0',3,'',9,2),
(717,'2021-04-09 18:51:33.583397','601','Samsung - 125.0',3,'',9,2),
(718,'2021-04-09 18:51:33.590429','600','Samsung - 125.0',3,'',9,2),
(719,'2021-04-09 18:51:33.598521','599','Samsung - 125.0',3,'',9,2),
(720,'2021-04-09 18:51:33.640589','598','Samsung - 125.0',3,'',9,2),
(721,'2021-04-09 18:51:33.650141','597','Samsung - 125.0',3,'',9,2),
(722,'2021-04-09 18:51:33.664916','596','Samsung - 125.0',3,'',9,2),
(723,'2021-04-09 18:51:33.673343','595','Samsung - 125.0',3,'',9,2),
(724,'2021-04-09 18:51:33.683914','594','Samsung - 125.0',3,'',9,2),
(725,'2021-04-09 18:51:33.701277','593','Samsung - 125.0',3,'',9,2),
(726,'2021-04-09 18:51:33.711042','592','Samsung - 125.0',3,'',9,2),
(727,'2021-04-09 18:51:33.771226','591','Samsung - 125.0',3,'',9,2),
(728,'2021-04-09 18:51:33.831031','590','Samsung - 125.0',3,'',9,2),
(729,'2021-04-09 18:51:33.844530','589','Samsung - 125.0',3,'',9,2),
(730,'2021-04-09 18:51:33.853552','588','Samsung - 125.0',3,'',9,2),
(731,'2021-04-09 18:51:33.861384','587','Samsung - 125.0',3,'',9,2),
(732,'2021-04-09 18:51:33.869180','586','Samsung - 125.0',3,'',9,2),
(733,'2021-04-09 18:51:33.882302','585','Samsung - 125.0',3,'',9,2),
(734,'2021-04-09 18:51:33.895771','584','Samsung - 125.0',3,'',9,2),
(735,'2021-04-09 18:51:33.904511','583','Samsung - 125.0',3,'',9,2),
(736,'2021-04-09 18:51:33.912179','582','Samsung - 125.0',3,'',9,2),
(737,'2021-04-09 18:51:33.920095','581','Samsung - 125.0',3,'',9,2),
(738,'2021-04-09 18:51:33.928570','580','Samsung - 125.0',3,'',9,2),
(739,'2021-04-09 18:51:33.934939','579','Samsung - 125.0',3,'',9,2),
(740,'2021-04-09 18:51:33.943069','578','Samsung - 125.0',3,'',9,2),
(741,'2021-04-09 18:51:33.949681','577','Samsung - 125.0',3,'',9,2),
(742,'2021-04-09 18:51:33.956043','576','Samsung - 125.0',3,'',9,2),
(743,'2021-04-09 18:51:33.962572','575','Samsung - 125.0',3,'',9,2),
(744,'2021-04-09 18:51:33.972351','574','Samsung - 125.0',3,'',9,2),
(745,'2021-04-09 18:51:33.981144','573','Samsung - 125.0',3,'',9,2),
(746,'2021-04-09 18:51:33.992123','572','Samsung - 125.0',3,'',9,2),
(747,'2021-04-09 18:51:34.002648','571','Samsung - 125.0',3,'',9,2),
(748,'2021-04-09 18:51:34.010850','570','Samsung - 125.0',3,'',9,2),
(749,'2021-04-09 18:51:34.019424','569','Samsung - 125.0',3,'',9,2),
(750,'2021-04-09 18:51:34.028229','568','Samsung - 125.0',3,'',9,2),
(751,'2021-04-09 18:51:34.034849','567','Samsung - 125.0',3,'',9,2),
(752,'2021-04-09 18:51:34.042224','566','Samsung - 125.0',3,'',9,2),
(753,'2021-04-09 18:51:34.054164','565','Samsung - 125.0',3,'',9,2),
(754,'2021-04-09 18:51:34.061246','564','Samsung - 125.0',3,'',9,2),
(755,'2021-04-09 18:51:34.068082','563','Samsung - 125.0',3,'',9,2),
(756,'2021-04-09 18:51:34.074962','562','Samsung - 125.0',3,'',9,2),
(757,'2021-04-09 18:51:34.085878','561','Samsung - 125.0',3,'',9,2),
(758,'2021-04-09 18:51:34.098076','560','Samsung - 125.0',3,'',9,2),
(759,'2021-04-09 18:51:34.105356','559','Samsung - 125.0',3,'',9,2),
(760,'2021-04-09 18:51:34.113659','558','Samsung - 125.0',3,'',9,2),
(761,'2021-04-09 18:51:34.120523','557','Samsung - 125.0',3,'',9,2),
(762,'2021-04-09 18:51:34.128354','556','Samsung - 125.0',3,'',9,2),
(763,'2021-04-09 18:51:34.137993','555','Samsung - 125.0',3,'',9,2),
(764,'2021-04-09 18:51:34.154389','554','Samsung - 125.0',3,'',9,2),
(765,'2021-04-09 18:51:34.164013','553','Samsung - 125.0',3,'',9,2),
(766,'2021-04-09 18:51:34.174177','552','Samsung - 125.0',3,'',9,2),
(767,'2021-04-09 18:51:34.188182','551','Samsung - 125.0',3,'',9,2),
(768,'2021-04-09 18:51:34.206237','550','Samsung - 125.0',3,'',9,2),
(769,'2021-04-09 18:51:34.224247','549','Samsung - 125.0',3,'',9,2),
(770,'2021-04-09 18:51:34.244169','548','Samsung - 125.0',3,'',9,2),
(771,'2021-04-09 18:51:34.276561','547','Samsung - 125.0',3,'',9,2),
(772,'2021-04-09 18:51:34.285558','546','Samsung - 125.0',3,'',9,2),
(773,'2021-04-09 18:51:34.297474','545','Samsung - 125.0',3,'',9,2),
(774,'2021-04-09 18:51:34.305694','544','Samsung - 125.0',3,'',9,2),
(775,'2021-04-09 18:51:34.313190','543','Samsung - 125.0',3,'',9,2),
(776,'2021-04-09 18:51:34.322462','542','Samsung - 125.0',3,'',9,2),
(777,'2021-04-09 18:51:34.333807','541','Samsung - 125.0',3,'',9,2),
(778,'2021-04-09 18:51:34.372487','540','Samsung - 125.0',3,'',9,2),
(779,'2021-04-09 18:51:34.379478','539','Samsung - 125.0',3,'',9,2),
(780,'2021-04-09 18:51:34.386089','538','Samsung - 125.0',3,'',9,2),
(781,'2021-04-09 18:51:34.395616','537','Samsung - 125.0',3,'',9,2),
(782,'2021-04-09 18:51:34.411433','536','Samsung - 125.0',3,'',9,2),
(783,'2021-04-09 18:51:34.423163','535','Samsung - 125.0',3,'',9,2),
(784,'2021-04-09 18:51:34.439263','534','Samsung - 125.0',3,'',9,2),
(785,'2021-04-09 18:51:34.446579','533','Samsung - 125.0',3,'',9,2),
(786,'2021-04-09 18:51:34.454865','532','Samsung - 125.0',3,'',9,2),
(787,'2021-04-09 18:51:34.463490','531','Samsung - 125.0',3,'',9,2),
(788,'2021-04-09 18:51:34.474098','530','Samsung - 125.0',3,'',9,2),
(789,'2021-04-09 18:51:34.481245','529','Samsung - 125.0',3,'',9,2),
(790,'2021-04-09 18:51:34.488627','528','Samsung - 125.0',3,'',9,2),
(791,'2021-04-09 18:51:34.499909','527','Samsung - 125.0',3,'',9,2),
(792,'2021-04-09 18:51:34.506075','526','Samsung - 125.0',3,'',9,2),
(793,'2021-04-09 18:51:34.512677','525','Samsung - 125.0',3,'',9,2),
(794,'2021-04-09 18:51:34.525702','524','Samsung - 125.0',3,'',9,2),
(795,'2021-04-09 18:51:34.535103','523','Samsung - 125.0',3,'',9,2),
(796,'2021-04-09 18:51:34.546192','522','Samsung - 125.0',3,'',9,2),
(797,'2021-04-09 18:51:34.553553','521','Samsung - 125.0',3,'',9,2),
(798,'2021-04-09 18:51:34.576934','520','Samsung - 125.0',3,'',9,2),
(799,'2021-04-09 18:51:34.600496','519','Samsung - 125.0',3,'',9,2),
(800,'2021-04-09 18:51:34.613476','518','Samsung - 125.0',3,'',9,2),
(801,'2021-04-09 18:51:34.624307','517','Samsung - 125.0',3,'',9,2),
(802,'2021-04-09 18:51:34.631660','516','Samsung - 125.0',3,'',9,2),
(803,'2021-04-09 18:51:34.640056','515','Samsung - 125.0',3,'',9,2),
(804,'2021-04-09 18:51:34.661195','514','Samsung - 125.0',3,'',9,2),
(805,'2021-04-09 18:51:34.676430','513','Samsung - 125.0',3,'',9,2),
(806,'2021-04-09 18:51:34.689735','512','Samsung - 125.0',3,'',9,2),
(807,'2021-04-09 18:51:34.698379','511','Samsung - 125.0',3,'',9,2),
(808,'2021-04-09 18:51:34.733228','510','Samsung - 125.0',3,'',9,2),
(809,'2021-04-09 18:51:34.741141','509','Samsung - 125.0',3,'',9,2),
(810,'2021-04-09 18:51:34.750733','508','Samsung - 125.0',3,'',9,2),
(811,'2021-04-09 18:51:34.760624','507','Samsung - 125.0',3,'',9,2),
(812,'2021-04-09 18:51:34.769515','506','Samsung - 125.0',3,'',9,2),
(813,'2021-04-09 18:51:34.779178','505','Samsung - 125.0',3,'',9,2),
(814,'2021-04-09 18:51:34.786575','504','Samsung - 125.0',3,'',9,2),
(815,'2021-04-09 18:51:34.795942','503','Samsung - 125.0',3,'',9,2),
(816,'2021-04-09 18:51:34.811010','502','Samsung - 125.0',3,'',9,2),
(817,'2021-04-09 18:51:34.818390','501','Samsung - 125.0',3,'',9,2),
(818,'2021-04-09 18:51:34.825886','345','Samsung - S10',3,'',9,2),
(819,'2021-04-09 18:51:34.835971','344','Samsung - S10',3,'',9,2),
(820,'2021-04-09 18:51:34.845329','343','Samsung - Gs21 ultra 5g',3,'',9,2),
(821,'2021-04-09 18:51:34.857814','164','Samsung - 125.0',3,'',9,2),
(822,'2021-04-09 18:51:34.872972','163','Samsung - 125.0',3,'',9,2),
(823,'2021-04-09 18:51:34.881081','162','Samsung - 125.0',3,'',9,2),
(824,'2021-04-09 18:51:34.889119','161','Samsung - 125.0',3,'',9,2),
(825,'2021-04-09 18:51:51.346792','884','NONE',3,'',8,2),
(826,'2021-04-09 18:51:51.378697','882','125.0',3,'',8,2),
(827,'2021-04-09 18:51:51.387680','880','S15',3,'',8,2),
(828,'2021-04-09 18:51:51.406532','718','S10',3,'',8,2),
(829,'2021-04-09 18:51:51.414952','717','GS21 ULTRA 5G',3,'',8,2),
(830,'2021-04-09 18:52:24.242471','564','None',3,'',7,2),
(831,'2021-04-09 18:52:24.260298','561','Samsung',3,'',7,2),
(832,'2021-04-09 18:52:32.844729','565','Samsung',1,'[{\"added\": {}}]',7,2),
(833,'2021-04-09 19:18:37.561924','888','A70',1,'[{\"added\": {}}]',8,2),
(834,'2021-04-09 19:29:26.106284','990','A70 - A70',1,'new through import_export',9,2),
(835,'2021-04-09 19:29:26.113809','991','A70 - A70',1,'new through import_export',9,2),
(836,'2021-04-09 19:29:26.121563','992','A70 - A70',1,'new through import_export',9,2),
(837,'2021-04-09 19:29:26.133114','993','A70 - A70',1,'new through import_export',9,2),
(838,'2021-04-09 19:29:26.146501','994','A70 - A70',1,'new through import_export',9,2),
(839,'2021-04-09 19:29:26.155201','995','A70 - A70',1,'new through import_export',9,2),
(840,'2021-04-09 19:29:26.162076','996','A70 - A70',1,'new through import_export',9,2),
(841,'2021-04-09 19:29:26.169079','997','A70 - A70',1,'new through import_export',9,2),
(842,'2021-04-09 19:29:26.175516','998','A70 - A70',1,'new through import_export',9,2),
(843,'2021-04-09 19:29:26.181803','999','A70 - A70',1,'new through import_export',9,2),
(844,'2021-04-09 19:29:26.188068','1000','A70 - A70',1,'new through import_export',9,2),
(845,'2021-04-09 19:29:26.195068','1001','A70 - A70',1,'new through import_export',9,2),
(846,'2021-04-09 19:29:26.209544','1002','A70 - A70',1,'new through import_export',9,2),
(847,'2021-04-09 19:29:26.219339','1003','A70 - A70',1,'new through import_export',9,2),
(848,'2021-04-09 19:29:26.226871','1004','A70 - A70',1,'new through import_export',9,2),
(849,'2021-04-09 19:29:26.243692','1005','A70 - A70',1,'new through import_export',9,2),
(850,'2021-04-09 19:29:26.260649','1006','A70 - A70',1,'new through import_export',9,2),
(851,'2021-04-09 19:29:26.270904','1007','A70 - A70',1,'new through import_export',9,2),
(852,'2021-04-09 19:29:26.289447','1008','A70 - A70',1,'new through import_export',9,2),
(853,'2021-04-09 19:29:26.297353','1009','A70 - A70',1,'new through import_export',9,2),
(854,'2021-04-09 19:29:26.304573','1010','A70 - A70',1,'new through import_export',9,2),
(855,'2021-04-09 19:29:26.312118','1011','A70 - A70',1,'new through import_export',9,2),
(856,'2021-04-09 19:29:26.318722','1012','A70 - A70',1,'new through import_export',9,2),
(857,'2021-04-09 19:29:26.325676','1013','A70 - A70',1,'new through import_export',9,2),
(858,'2021-04-09 19:29:26.332345','1014','A70 - A70',1,'new through import_export',9,2),
(859,'2021-04-09 19:29:26.339199','1015','A70 - A70',1,'new through import_export',9,2),
(860,'2021-04-09 19:29:26.346024','1016','A70 - A70',1,'new through import_export',9,2),
(861,'2021-04-09 19:29:26.352665','1017','A70 - A70',1,'new through import_export',9,2),
(862,'2021-04-09 19:29:26.359590','1018','A70 - A70',1,'new through import_export',9,2),
(863,'2021-04-09 19:29:26.366271','1019','A70 - A70',1,'new through import_export',9,2),
(864,'2021-04-09 19:29:26.374642','1020','A70 - A70',1,'new through import_export',9,2),
(865,'2021-04-09 19:29:26.389073','1021','A70 - A70',1,'new through import_export',9,2),
(866,'2021-04-09 19:29:26.395176','1022','A70 - A70',1,'new through import_export',9,2),
(867,'2021-04-09 19:29:26.409200','1023','A70 - A70',1,'new through import_export',9,2),
(868,'2021-04-09 19:29:26.420749','1024','A70 - A70',1,'new through import_export',9,2),
(869,'2021-04-09 19:29:26.429177','1025','A70 - A70',1,'new through import_export',9,2),
(870,'2021-04-09 19:29:26.436784','1026','A70 - A70',1,'new through import_export',9,2),
(871,'2021-04-09 19:29:26.443771','1027','A70 - A70',1,'new through import_export',9,2),
(872,'2021-04-09 19:29:26.450826','1028','A70 - A70',1,'new through import_export',9,2),
(873,'2021-04-09 19:29:26.460887','1029','A70 - A70',1,'new through import_export',9,2),
(874,'2021-04-09 19:29:26.470532','1030','A70 - A70',1,'new through import_export',9,2),
(875,'2021-04-09 19:29:26.478684','1031','A70 - A70',1,'new through import_export',9,2),
(876,'2021-04-09 19:29:26.485867','1032','A70 - A70',1,'new through import_export',9,2),
(877,'2021-04-09 19:29:26.492420','1033','A70 - A70',1,'new through import_export',9,2),
(878,'2021-04-09 19:29:26.500961','1034','A70 - A70',1,'new through import_export',9,2),
(879,'2021-04-09 19:29:26.508339','1035','A70 - A70',1,'new through import_export',9,2),
(880,'2021-04-09 19:29:26.515386','1036','A70 - A70',1,'new through import_export',9,2),
(881,'2021-04-09 19:29:26.523507','1037','A70 - A70',1,'new through import_export',9,2),
(882,'2021-04-09 19:29:26.534654','1038','A70 - A70',1,'new through import_export',9,2),
(883,'2021-04-09 19:29:26.546451','1039','A70 - A70',1,'new through import_export',9,2),
(884,'2021-04-09 19:29:26.555483','1040','A70 - A70',1,'new through import_export',9,2),
(885,'2021-04-09 19:29:26.562435','1041','A70 - A70',1,'new through import_export',9,2),
(886,'2021-04-09 19:29:26.569719','1042','A70 - A70',1,'new through import_export',9,2),
(887,'2021-04-09 19:29:26.576767','1043','A70 - A70',1,'new through import_export',9,2),
(888,'2021-04-09 19:29:26.584041','1044','A70 - A70',1,'new through import_export',9,2),
(889,'2021-04-09 19:29:26.591651','1045','A70 - A70',1,'new through import_export',9,2),
(890,'2021-04-09 19:29:26.599627','1046','A70 - A70',1,'new through import_export',9,2),
(891,'2021-04-09 19:29:26.609879','1047','A70 - A70',1,'new through import_export',9,2),
(892,'2021-04-09 19:29:26.624880','1048','A70 - A70',1,'new through import_export',9,2),
(893,'2021-04-09 19:29:26.633893','1049','A70 - A70',1,'new through import_export',9,2),
(894,'2021-04-09 19:29:26.642301','1050','A70 - A70',1,'new through import_export',9,2),
(895,'2021-04-09 19:29:26.650803','1051','A70 - A70',1,'new through import_export',9,2),
(896,'2021-04-09 19:29:26.661880','1052','A70 - A70',1,'new through import_export',9,2),
(897,'2021-04-09 19:29:26.669366','1053','A70 - A70',1,'new through import_export',9,2),
(898,'2021-04-09 19:29:26.676672','1054','A70 - A70',1,'new through import_export',9,2),
(899,'2021-04-09 19:29:26.684086','1055','A70 - A70',1,'new through import_export',9,2),
(900,'2021-04-09 19:29:26.691306','1056','A70 - A70',1,'new through import_export',9,2),
(901,'2021-04-09 19:29:26.702453','1057','A70 - A70',1,'new through import_export',9,2),
(902,'2021-04-09 19:29:26.714004','1058','A70 - A70',1,'new through import_export',9,2),
(903,'2021-04-09 19:29:26.724953','1059','A70 - A70',1,'new through import_export',9,2),
(904,'2021-04-09 19:29:26.733201','1060','A70 - A70',1,'new through import_export',9,2),
(905,'2021-04-09 19:29:26.741739','1061','A70 - A70',1,'new through import_export',9,2),
(906,'2021-04-09 19:29:26.756190','1062','A70 - A70',1,'new through import_export',9,2),
(907,'2021-04-09 19:29:26.764865','1063','A70 - A70',1,'new through import_export',9,2),
(908,'2021-04-09 19:29:26.774695','1064','A70 - A70',1,'new through import_export',9,2),
(909,'2021-04-09 19:29:26.783696','1065','A70 - A70',1,'new through import_export',9,2),
(910,'2021-04-09 19:29:26.797273','1066','A70 - A70',1,'new through import_export',9,2),
(911,'2021-04-09 19:29:26.804501','1067','A70 - A70',1,'new through import_export',9,2),
(912,'2021-04-09 19:29:26.815130','1068','A70 - A70',1,'new through import_export',9,2),
(913,'2021-04-09 19:29:26.821758','1069','A70 - A70',1,'new through import_export',9,2),
(914,'2021-04-09 19:29:26.830299','1070','A70 - A70',1,'new through import_export',9,2),
(915,'2021-04-09 19:29:26.843016','1071','A70 - A70',1,'new through import_export',9,2),
(916,'2021-04-09 19:29:26.858987','1072','A70 - A70',1,'new through import_export',9,2),
(917,'2021-04-09 19:29:26.872436','1073','A70 - A70',1,'new through import_export',9,2),
(918,'2021-04-09 19:29:26.881372','1074','A70 - A70',1,'new through import_export',9,2),
(919,'2021-04-09 19:29:26.888405','1075','A70 - A70',1,'new through import_export',9,2),
(920,'2021-04-09 19:29:26.895464','1076','A70 - A70',1,'new through import_export',9,2),
(921,'2021-04-09 19:29:26.926085','1077','A70 - A70',1,'new through import_export',9,2),
(922,'2021-04-09 19:29:26.934797','1078','A70 - A70',1,'new through import_export',9,2),
(923,'2021-04-09 19:29:26.942778','1079','A70 - A70',1,'new through import_export',9,2),
(924,'2021-04-09 19:29:26.956256','1080','A70 - A70',1,'new through import_export',9,2),
(925,'2021-04-09 19:29:26.963475','1081','A70 - A70',1,'new through import_export',9,2),
(926,'2021-04-09 19:29:26.970990','1082','A70 - A70',1,'new through import_export',9,2),
(927,'2021-04-09 19:29:26.978310','1083','A70 - A70',1,'new through import_export',9,2),
(928,'2021-04-09 19:29:26.985012','1084','A70 - A70',1,'new through import_export',9,2),
(929,'2021-04-09 19:29:26.994468','1085','A70 - A70',1,'new through import_export',9,2),
(930,'2021-04-09 19:29:27.002149','1086','A70 - A70',1,'new through import_export',9,2),
(931,'2021-04-09 19:29:27.009284','1087','A70 - A70',1,'new through import_export',9,2),
(932,'2021-04-09 19:29:27.016190','1088','A70 - A70',1,'new through import_export',9,2),
(933,'2021-04-09 19:29:27.023379','1089','A70 - A70',1,'new through import_export',9,2),
(934,'2021-04-09 19:29:27.042146','1090','A70 - A70',1,'new through import_export',9,2),
(935,'2021-04-09 19:29:27.049585','1091','A70 - A70',1,'new through import_export',9,2),
(936,'2021-04-09 19:29:27.059209','1092','A70 - A70',1,'new through import_export',9,2),
(937,'2021-04-09 19:29:27.066114','1093','A70 - A70',1,'new through import_export',9,2),
(938,'2021-04-09 19:29:27.072792','1094','A70 - A70',1,'new through import_export',9,2),
(939,'2021-04-09 19:29:27.085117','1095','A70 - A70',1,'new through import_export',9,2),
(940,'2021-04-09 19:29:27.092266','1096','A70 - A70',1,'new through import_export',9,2),
(941,'2021-04-09 19:29:27.099689','1097','A70 - A70',1,'new through import_export',9,2),
(942,'2021-04-09 19:29:27.110620','1098','A70 - A70',1,'new through import_export',9,2),
(943,'2021-04-09 19:29:27.118239','1099','A70 - A70',1,'new through import_export',9,2),
(944,'2021-04-09 19:29:27.128644','1100','A70 - A70',1,'new through import_export',9,2),
(945,'2021-04-09 19:29:27.136421','1101','A70 - A70',1,'new through import_export',9,2),
(946,'2021-04-09 19:29:27.143979','1102','A70 - A70',1,'new through import_export',9,2),
(947,'2021-04-09 19:29:27.151668','1103','A70 - A70',1,'new through import_export',9,2),
(948,'2021-04-09 19:29:27.163025','1104','A70 - A70',1,'new through import_export',9,2),
(949,'2021-04-09 19:29:27.169952','1105','A70 - A70',1,'new through import_export',9,2),
(950,'2021-04-09 19:29:27.179352','1106','A70 - A70',1,'new through import_export',9,2),
(951,'2021-04-09 19:29:27.188779','1107','A70 - A70',1,'new through import_export',9,2),
(952,'2021-04-09 19:29:27.200264','1108','A70 - A70',1,'new through import_export',9,2),
(953,'2021-04-09 19:29:27.208785','1109','A70 - A70',1,'new through import_export',9,2),
(954,'2021-04-09 19:29:27.220761','1110','A70 - A70',1,'new through import_export',9,2),
(955,'2021-04-09 19:29:27.228424','1111','A70 - A70',1,'new through import_export',9,2),
(956,'2021-04-09 19:29:27.239022','1112','A70 - A70',1,'new through import_export',9,2),
(957,'2021-04-09 19:29:27.253928','1113','A70 - A70',1,'new through import_export',9,2),
(958,'2021-04-09 19:29:27.267013','1114','A70 - A70',1,'new through import_export',9,2),
(959,'2021-04-09 19:29:27.278171','1115','A70 - A70',1,'new through import_export',9,2),
(960,'2021-04-09 19:29:27.290312','1116','A70 - A70',1,'new through import_export',9,2),
(961,'2021-04-09 19:29:27.302393','1117','A70 - A70',1,'new through import_export',9,2),
(962,'2021-04-09 19:29:27.315220','1118','A70 - A70',1,'new through import_export',9,2),
(963,'2021-04-09 19:29:27.321622','1119','A70 - A70',1,'new through import_export',9,2),
(964,'2021-04-09 19:29:27.328299','1120','A70 - A70',1,'new through import_export',9,2),
(965,'2021-04-09 19:29:27.338878','1121','A70 - A70',1,'new through import_export',9,2),
(966,'2021-04-09 19:29:27.345297','1122','A70 - A70',1,'new through import_export',9,2),
(967,'2021-04-09 19:29:27.351580','1123','A70 - A70',1,'new through import_export',9,2),
(968,'2021-04-09 19:29:27.358966','1124','A70 - A70',1,'new through import_export',9,2),
(969,'2021-04-09 19:29:27.365795','1125','A70 - A70',1,'new through import_export',9,2),
(970,'2021-04-09 19:29:27.374920','1126','A70 - A70',1,'new through import_export',9,2),
(971,'2021-04-09 19:29:27.382285','1127','A70 - A70',1,'new through import_export',9,2),
(972,'2021-04-09 19:29:27.388719','1128','A70 - A70',1,'new through import_export',9,2),
(973,'2021-04-09 19:29:27.399329','1129','A70 - A70',1,'new through import_export',9,2),
(974,'2021-04-09 19:29:27.405692','1130','A70 - A70',1,'new through import_export',9,2),
(975,'2021-04-09 19:29:27.417442','1131','A70 - A70',1,'new through import_export',9,2),
(976,'2021-04-09 19:29:27.436185','1132','A70 - A70',1,'new through import_export',9,2),
(977,'2021-04-09 19:29:27.444263','1133','A70 - A70',1,'new through import_export',9,2),
(978,'2021-04-09 19:29:27.457761','1134','A70 - A70',1,'new through import_export',9,2),
(979,'2021-04-09 19:29:27.465155','1135','A70 - A70',1,'new through import_export',9,2),
(980,'2021-04-09 19:29:27.471443','1136','A70 - A70',1,'new through import_export',9,2),
(981,'2021-04-09 19:29:27.478590','1137','A70 - A70',1,'new through import_export',9,2),
(982,'2021-04-09 19:29:27.486930','1138','A70 - A70',1,'new through import_export',9,2),
(983,'2021-04-09 19:29:27.493915','1139','A70 - A70',1,'new through import_export',9,2),
(984,'2021-04-09 19:29:27.506834','1140','A70 - A70',1,'new through import_export',9,2),
(985,'2021-04-09 19:29:27.516304','1141','A70 - A70',1,'new through import_export',9,2),
(986,'2021-04-09 19:29:27.525377','1142','A70 - A70',1,'new through import_export',9,2),
(987,'2021-04-09 19:29:27.540639','1143','A70 - A70',1,'new through import_export',9,2),
(988,'2021-04-09 19:29:27.551465','1144','A70 - A70',1,'new through import_export',9,2),
(989,'2021-04-09 19:29:27.560092','1145','A70 - A70',1,'new through import_export',9,2),
(990,'2021-04-09 19:29:27.576483','1146','A70 - A70',1,'new through import_export',9,2),
(991,'2021-04-09 19:29:27.582915','1147','A70 - A70',1,'new through import_export',9,2),
(992,'2021-04-09 19:29:27.590941','1148','A70 - A70',1,'new through import_export',9,2),
(993,'2021-04-09 19:36:38.456858','1148','A70 - A70',3,'',9,2),
(994,'2021-04-09 19:36:38.465916','1147','A70 - A70',3,'',9,2),
(995,'2021-04-09 19:36:38.474032','1146','A70 - A70',3,'',9,2),
(996,'2021-04-09 19:36:38.484239','1145','A70 - A70',3,'',9,2),
(997,'2021-04-09 19:36:38.490713','1144','A70 - A70',3,'',9,2),
(998,'2021-04-09 19:36:38.498414','1143','A70 - A70',3,'',9,2),
(999,'2021-04-09 19:36:38.539376','1142','A70 - A70',3,'',9,2),
(1000,'2021-04-09 19:36:38.551938','1141','A70 - A70',3,'',9,2),
(1001,'2021-04-09 19:36:38.559225','1140','A70 - A70',3,'',9,2),
(1002,'2021-04-09 19:36:38.567017','1139','A70 - A70',3,'',9,2),
(1003,'2021-04-09 19:36:38.574146','1138','A70 - A70',3,'',9,2),
(1004,'2021-04-09 19:36:38.582321','1137','A70 - A70',3,'',9,2),
(1005,'2021-04-09 19:36:38.589921','1136','A70 - A70',3,'',9,2),
(1006,'2021-04-09 19:36:38.598913','1135','A70 - A70',3,'',9,2),
(1007,'2021-04-09 19:36:38.620880','1134','A70 - A70',3,'',9,2),
(1008,'2021-04-09 19:36:38.628542','1133','A70 - A70',3,'',9,2),
(1009,'2021-04-09 19:36:38.636585','1132','A70 - A70',3,'',9,2),
(1010,'2021-04-09 19:36:38.669169','1131','A70 - A70',3,'',9,2),
(1011,'2021-04-09 19:36:38.684943','1130','A70 - A70',3,'',9,2),
(1012,'2021-04-09 19:36:38.694598','1129','A70 - A70',3,'',9,2),
(1013,'2021-04-09 19:36:38.709506','1128','A70 - A70',3,'',9,2),
(1014,'2021-04-09 19:36:38.720908','1127','A70 - A70',3,'',9,2),
(1015,'2021-04-09 19:36:38.728729','1126','A70 - A70',3,'',9,2),
(1016,'2021-04-09 19:36:38.735316','1125','A70 - A70',3,'',9,2),
(1017,'2021-04-09 19:36:38.745800','1124','A70 - A70',3,'',9,2),
(1018,'2021-04-09 19:36:38.753737','1123','A70 - A70',3,'',9,2),
(1019,'2021-04-09 19:36:38.762728','1122','A70 - A70',3,'',9,2),
(1020,'2021-04-09 19:36:38.772103','1121','A70 - A70',3,'',9,2),
(1021,'2021-04-09 19:36:38.792081','1120','A70 - A70',3,'',9,2),
(1022,'2021-04-09 19:36:38.807100','1119','A70 - A70',3,'',9,2),
(1023,'2021-04-09 19:36:38.815199','1118','A70 - A70',3,'',9,2),
(1024,'2021-04-09 19:36:38.830274','1117','A70 - A70',3,'',9,2),
(1025,'2021-04-09 19:36:38.841182','1116','A70 - A70',3,'',9,2),
(1026,'2021-04-09 19:36:38.864150','1115','A70 - A70',3,'',9,2),
(1027,'2021-04-09 19:36:38.870990','1114','A70 - A70',3,'',9,2),
(1028,'2021-04-09 19:36:38.879163','1113','A70 - A70',3,'',9,2),
(1029,'2021-04-09 19:36:38.887231','1112','A70 - A70',3,'',9,2),
(1030,'2021-04-09 19:36:38.894028','1111','A70 - A70',3,'',9,2),
(1031,'2021-04-09 19:36:38.904561','1110','A70 - A70',3,'',9,2),
(1032,'2021-04-09 19:36:38.918174','1109','A70 - A70',3,'',9,2),
(1033,'2021-04-09 19:36:38.934333','1108','A70 - A70',3,'',9,2),
(1034,'2021-04-09 19:36:38.947186','1107','A70 - A70',3,'',9,2),
(1035,'2021-04-09 19:36:38.965588','1106','A70 - A70',3,'',9,2),
(1036,'2021-04-09 19:36:38.973845','1105','A70 - A70',3,'',9,2),
(1037,'2021-04-09 19:36:38.980825','1104','A70 - A70',3,'',9,2),
(1038,'2021-04-09 19:36:39.008336','1103','A70 - A70',3,'',9,2),
(1039,'2021-04-09 19:36:39.016222','1102','A70 - A70',3,'',9,2),
(1040,'2021-04-09 19:36:39.023312','1101','A70 - A70',3,'',9,2),
(1041,'2021-04-09 19:36:39.036580','1100','A70 - A70',3,'',9,2),
(1042,'2021-04-09 19:36:39.043217','1099','A70 - A70',3,'',9,2),
(1043,'2021-04-09 19:36:39.053270','1098','A70 - A70',3,'',9,2),
(1044,'2021-04-09 19:36:39.084771','1097','A70 - A70',3,'',9,2),
(1045,'2021-04-09 19:36:39.101310','1096','A70 - A70',3,'',9,2),
(1046,'2021-04-09 19:36:39.109693','1095','A70 - A70',3,'',9,2),
(1047,'2021-04-09 19:36:39.119837','1094','A70 - A70',3,'',9,2),
(1048,'2021-04-09 19:36:39.128553','1093','A70 - A70',3,'',9,2),
(1049,'2021-04-09 19:36:39.139745','1092','A70 - A70',3,'',9,2),
(1050,'2021-04-09 19:36:39.147321','1091','A70 - A70',3,'',9,2),
(1051,'2021-04-09 19:36:39.156338','1090','A70 - A70',3,'',9,2),
(1052,'2021-04-09 19:36:39.164377','1089','A70 - A70',3,'',9,2),
(1053,'2021-04-09 19:36:39.172338','1088','A70 - A70',3,'',9,2),
(1054,'2021-04-09 19:36:39.180244','1087','A70 - A70',3,'',9,2),
(1055,'2021-04-09 19:36:39.196345','1086','A70 - A70',3,'',9,2),
(1056,'2021-04-09 19:36:39.204351','1085','A70 - A70',3,'',9,2),
(1057,'2021-04-09 19:36:39.218614','1084','A70 - A70',3,'',9,2),
(1058,'2021-04-09 19:36:39.229709','1083','A70 - A70',3,'',9,2),
(1059,'2021-04-09 19:36:39.247442','1082','A70 - A70',3,'',9,2),
(1060,'2021-04-09 19:36:39.258614','1081','A70 - A70',3,'',9,2),
(1061,'2021-04-09 19:36:39.272645','1080','A70 - A70',3,'',9,2),
(1062,'2021-04-09 19:36:39.281493','1079','A70 - A70',3,'',9,2),
(1063,'2021-04-09 19:36:39.296751','1078','A70 - A70',3,'',9,2),
(1064,'2021-04-09 19:36:39.304536','1077','A70 - A70',3,'',9,2),
(1065,'2021-04-09 19:36:39.328629','1076','A70 - A70',3,'',9,2),
(1066,'2021-04-09 19:36:39.375839','1075','A70 - A70',3,'',9,2),
(1067,'2021-04-09 19:36:39.385581','1074','A70 - A70',3,'',9,2),
(1068,'2021-04-09 19:36:39.391761','1073','A70 - A70',3,'',9,2),
(1069,'2021-04-09 19:36:39.397942','1072','A70 - A70',3,'',9,2),
(1070,'2021-04-09 19:36:39.418350','1071','A70 - A70',3,'',9,2),
(1071,'2021-04-09 19:36:39.424406','1070','A70 - A70',3,'',9,2),
(1072,'2021-04-09 19:36:39.431633','1069','A70 - A70',3,'',9,2),
(1073,'2021-04-09 19:36:39.438128','1068','A70 - A70',3,'',9,2),
(1074,'2021-04-09 19:36:39.449871','1067','A70 - A70',3,'',9,2),
(1075,'2021-04-09 19:36:39.457674','1066','A70 - A70',3,'',9,2),
(1076,'2021-04-09 19:36:39.465461','1065','A70 - A70',3,'',9,2),
(1077,'2021-04-09 19:36:39.476350','1064','A70 - A70',3,'',9,2),
(1078,'2021-04-09 19:36:39.484389','1063','A70 - A70',3,'',9,2),
(1079,'2021-04-09 19:36:39.498888','1062','A70 - A70',3,'',9,2),
(1080,'2021-04-09 19:36:39.524770','1061','A70 - A70',3,'',9,2),
(1081,'2021-04-09 19:36:39.534501','1060','A70 - A70',3,'',9,2),
(1082,'2021-04-09 19:36:39.541449','1059','A70 - A70',3,'',9,2),
(1083,'2021-04-09 19:36:39.559611','1058','A70 - A70',3,'',9,2),
(1084,'2021-04-09 19:36:39.583665','1057','A70 - A70',3,'',9,2),
(1085,'2021-04-09 19:36:39.620256','1056','A70 - A70',3,'',9,2),
(1086,'2021-04-09 19:36:39.630375','1055','A70 - A70',3,'',9,2),
(1087,'2021-04-09 19:36:39.639993','1054','A70 - A70',3,'',9,2),
(1088,'2021-04-09 19:36:39.648363','1053','A70 - A70',3,'',9,2),
(1089,'2021-04-09 19:36:39.656362','1052','A70 - A70',3,'',9,2),
(1090,'2021-04-09 19:36:39.666681','1051','A70 - A70',3,'',9,2),
(1091,'2021-04-09 19:36:39.673312','1050','A70 - A70',3,'',9,2),
(1092,'2021-04-09 19:36:39.681662','1049','A70 - A70',3,'',9,2),
(1093,'2021-04-09 19:36:39.692370','1048','A70 - A70',3,'',9,2),
(1094,'2021-04-09 19:36:39.700248','1047','A70 - A70',3,'',9,2),
(1095,'2021-04-09 19:36:39.709215','1046','A70 - A70',3,'',9,2),
(1096,'2021-04-09 19:36:39.720293','1045','A70 - A70',3,'',9,2),
(1097,'2021-04-09 19:36:39.729751','1044','A70 - A70',3,'',9,2),
(1098,'2021-04-09 19:36:39.737656','1043','A70 - A70',3,'',9,2),
(1099,'2021-04-09 19:36:39.744280','1042','A70 - A70',3,'',9,2),
(1100,'2021-04-09 19:36:39.753023','1041','A70 - A70',3,'',9,2),
(1101,'2021-04-09 19:36:39.759371','1040','A70 - A70',3,'',9,2),
(1102,'2021-04-09 19:36:39.768689','1039','A70 - A70',3,'',9,2),
(1103,'2021-04-09 19:36:39.775522','1038','A70 - A70',3,'',9,2),
(1104,'2021-04-09 19:36:39.790042','1037','A70 - A70',3,'',9,2),
(1105,'2021-04-09 19:36:39.796715','1036','A70 - A70',3,'',9,2),
(1106,'2021-04-09 19:36:39.804428','1035','A70 - A70',3,'',9,2),
(1107,'2021-04-09 19:36:39.815827','1034','A70 - A70',3,'',9,2),
(1108,'2021-04-09 19:36:39.824411','1033','A70 - A70',3,'',9,2),
(1109,'2021-04-09 19:36:39.832320','1032','A70 - A70',3,'',9,2),
(1110,'2021-04-09 19:36:39.840568','1031','A70 - A70',3,'',9,2),
(1111,'2021-04-09 19:36:39.872554','1030','A70 - A70',3,'',9,2),
(1112,'2021-04-09 19:36:39.891039','1029','A70 - A70',3,'',9,2),
(1113,'2021-04-09 19:36:39.912816','1028','A70 - A70',3,'',9,2),
(1114,'2021-04-09 19:36:39.923648','1027','A70 - A70',3,'',9,2),
(1115,'2021-04-09 19:36:39.931337','1026','A70 - A70',3,'',9,2),
(1116,'2021-04-09 19:36:39.938214','1025','A70 - A70',3,'',9,2),
(1117,'2021-04-09 19:36:39.948767','1024','A70 - A70',3,'',9,2),
(1118,'2021-04-09 19:36:39.956618','1023','A70 - A70',3,'',9,2),
(1119,'2021-04-09 19:36:39.969629','1022','A70 - A70',3,'',9,2),
(1120,'2021-04-09 19:36:39.978426','1021','A70 - A70',3,'',9,2),
(1121,'2021-04-09 19:36:40.012501','1020','A70 - A70',3,'',9,2),
(1122,'2021-04-09 19:36:40.033851','1019','A70 - A70',3,'',9,2),
(1123,'2021-04-09 19:36:40.060697','1018','A70 - A70',3,'',9,2),
(1124,'2021-04-09 19:36:40.081793','1017','A70 - A70',3,'',9,2),
(1125,'2021-04-09 19:36:40.091208','1016','A70 - A70',3,'',9,2),
(1126,'2021-04-09 19:36:40.104310','1015','A70 - A70',3,'',9,2),
(1127,'2021-04-09 19:36:40.114656','1014','A70 - A70',3,'',9,2),
(1128,'2021-04-09 19:36:40.129255','1013','A70 - A70',3,'',9,2),
(1129,'2021-04-09 19:36:40.139240','1012','A70 - A70',3,'',9,2),
(1130,'2021-04-09 19:36:40.163197','1011','A70 - A70',3,'',9,2),
(1131,'2021-04-09 19:36:40.174550','1010','A70 - A70',3,'',9,2),
(1132,'2021-04-09 19:36:40.191447','1009','A70 - A70',3,'',9,2),
(1133,'2021-04-09 19:36:40.198567','1008','A70 - A70',3,'',9,2),
(1134,'2021-04-09 19:36:40.231248','1007','A70 - A70',3,'',9,2),
(1135,'2021-04-09 19:36:40.242433','1006','A70 - A70',3,'',9,2),
(1136,'2021-04-09 19:36:40.250309','1005','A70 - A70',3,'',9,2),
(1137,'2021-04-09 19:36:40.260994','1004','A70 - A70',3,'',9,2),
(1138,'2021-04-09 19:36:40.280524','1003','A70 - A70',3,'',9,2),
(1139,'2021-04-09 19:36:40.290018','1002','A70 - A70',3,'',9,2),
(1140,'2021-04-09 19:36:40.298222','1001','A70 - A70',3,'',9,2),
(1141,'2021-04-09 19:36:40.332781','1000','A70 - A70',3,'',9,2),
(1142,'2021-04-09 19:36:40.340624','999','A70 - A70',3,'',9,2),
(1143,'2021-04-09 19:36:40.347678','998','A70 - A70',3,'',9,2),
(1144,'2021-04-09 19:36:40.355520','997','A70 - A70',3,'',9,2),
(1145,'2021-04-09 19:36:40.365015','996','A70 - A70',3,'',9,2),
(1146,'2021-04-09 19:36:40.372242','995','A70 - A70',3,'',9,2),
(1147,'2021-04-09 19:36:40.380866','994','A70 - A70',3,'',9,2),
(1148,'2021-04-09 19:36:40.391167','993','A70 - A70',3,'',9,2),
(1149,'2021-04-09 19:36:40.401204','992','A70 - A70',3,'',9,2),
(1150,'2021-04-09 19:36:40.409652','991','A70 - A70',3,'',9,2),
(1151,'2021-04-09 19:36:40.416373','990','A70 - A70',3,'',9,2),
(1152,'2021-04-09 20:47:48.156865','1240','Samsung - Sm-a426u',1,'new through import_export',9,2),
(1153,'2021-04-09 20:47:48.164012','1241','Samsung - Sm-a426u',1,'new through import_export',9,2),
(1154,'2021-04-09 20:47:48.174318','1242','Samsung - Sm-a426u',1,'new through import_export',9,2),
(1155,'2021-04-09 20:47:48.181142','1243','Samsung - Sm-a426u',1,'new through import_export',9,2),
(1156,'2021-04-09 20:47:48.191690','1244','Samsung - Sm-a426u',1,'new through import_export',9,2),
(1157,'2021-04-09 20:47:48.199160','1245','Samsung - Sm-a426u',1,'new through import_export',9,2),
(1158,'2021-04-09 20:47:48.206643','1246','Samsung - Sm-a426u',1,'new through import_export',9,2),
(1159,'2021-04-09 20:47:48.215086','1247','Samsung - Sm-a426u',1,'new through import_export',9,2),
(1160,'2021-04-09 20:47:48.222229','1248','Samsung - Sm-a426u',1,'new through import_export',9,2),
(1161,'2021-04-09 20:47:48.229331','1249','Samsung - Sm-a426u',1,'new through import_export',9,2),
(1162,'2021-04-09 20:47:48.236412','1250','Samsung - Sm-a426u',1,'new through import_export',9,2),
(1163,'2021-04-09 20:47:48.243605','1251','Samsung - Sm-a426u',1,'new through import_export',9,2),
(1164,'2021-04-09 20:47:48.255577','1252','Samsung - Sm-a426u',1,'new through import_export',9,2),
(1165,'2021-04-09 20:47:48.263395','1253','Samsung - Sm-a426u',1,'new through import_export',9,2),
(1166,'2021-04-09 20:47:48.271596','1254','Samsung - Sm-a426u',1,'new through import_export',9,2),
(1167,'2021-04-09 20:47:48.283664','1255','Samsung - Sm-a426u',1,'new through import_export',9,2),
(1168,'2021-04-09 20:47:48.292825','1256','Samsung - Sm-a426u',1,'new through import_export',9,2),
(1169,'2021-04-09 20:47:48.300993','1257','Samsung - Sm-a426u',1,'new through import_export',9,2),
(1170,'2021-04-09 20:47:48.308221','1258','Samsung - Sm-a426u',1,'new through import_export',9,2),
(1171,'2021-04-09 20:47:48.315868','1259','Samsung - Sm-a426u',1,'new through import_export',9,2),
(1172,'2021-04-09 20:47:48.324634','1260','Samsung - Sm-a426u',1,'new through import_export',9,2),
(1173,'2021-04-09 20:47:48.332326','1261','Samsung - Sm-a426u',1,'new through import_export',9,2),
(1174,'2021-04-09 20:47:48.340379','1262','Samsung - Sm-a426u',1,'new through import_export',9,2),
(1175,'2021-04-09 20:47:48.348643','1263','Samsung - Sm-a426u',1,'new through import_export',9,2),
(1176,'2021-04-09 20:47:48.356658','1264','Samsung - Sm-a426u',1,'new through import_export',9,2),
(1177,'2021-04-09 20:47:48.364536','1265','Samsung - Sm-a426u',1,'new through import_export',9,2),
(1178,'2021-04-09 20:47:48.375782','1266','Samsung - Sm-a426u',1,'new through import_export',9,2),
(1179,'2021-04-09 20:47:48.384258','1267','Samsung - Sm-a426u',1,'new through import_export',9,2),
(1180,'2021-04-09 20:47:48.392520','1268','Samsung - Sm-a426u',1,'new through import_export',9,2),
(1181,'2021-04-09 20:47:48.405581','1269','Samsung - Sm-a426u',1,'new through import_export',9,2),
(1182,'2021-04-09 20:47:48.418045','1270','Samsung - Sm-a426u',1,'new through import_export',9,2),
(1183,'2021-04-09 20:47:48.425544','1271','Samsung - Sm-a426u',1,'new through import_export',9,2),
(1184,'2021-04-09 20:47:48.434471','1272','Samsung - Sm-a426u',1,'new through import_export',9,2),
(1185,'2021-04-09 20:47:48.443719','1273','Samsung - Sm-a426u',1,'new through import_export',9,2),
(1186,'2021-04-09 20:47:48.450993','1274','Samsung - Sm-a426u',1,'new through import_export',9,2),
(1187,'2021-04-09 20:47:48.462470','1275','Samsung - Sm-a426u',1,'new through import_export',9,2),
(1188,'2021-04-09 20:47:48.472247','1276','Samsung - Sm-a426u',1,'new through import_export',9,2),
(1189,'2021-04-09 20:47:48.479461','1277','Samsung - Sm-a426u',1,'new through import_export',9,2),
(1190,'2021-04-09 20:47:48.515842','1278','Samsung - Sm-a426u',1,'new through import_export',9,2),
(1191,'2021-04-09 20:47:48.524858','1279','Samsung - Sm-a426u',1,'new through import_export',9,2),
(1192,'2021-04-09 20:47:48.533489','1280','Samsung - Sm-a426u',1,'new through import_export',9,2),
(1193,'2021-04-09 20:47:48.548264','1281','Samsung - Sm-a426u',1,'new through import_export',9,2),
(1194,'2021-04-09 20:47:48.554953','1282','Samsung - Sm-a426u',1,'new through import_export',9,2),
(1195,'2021-04-09 20:47:48.563798','1283','Samsung - Sm-a426u',1,'new through import_export',9,2),
(1196,'2021-04-09 20:47:48.571028','1284','Samsung - Sm-a426u',1,'new through import_export',9,2),
(1197,'2021-04-09 20:47:48.578141','1285','Samsung - Sm-a426u',1,'new through import_export',9,2),
(1198,'2021-04-09 20:47:48.587882','1286','Samsung - Sm-a426u',1,'new through import_export',9,2),
(1199,'2021-04-09 20:47:48.595963','1287','Samsung - Sm-a426u',1,'new through import_export',9,2),
(1200,'2021-04-09 20:47:48.607789','1288','Samsung - Sm-a426u',1,'new through import_export',9,2),
(1201,'2021-04-09 20:47:48.614931','1289','Samsung - Sm-a426u',1,'new through import_export',9,2),
(1202,'2021-04-09 20:47:48.621543','1290','Samsung - Sm-a426u',1,'new through import_export',9,2),
(1203,'2021-04-09 20:47:48.628544','1291','Samsung - Sm-a426u',1,'new through import_export',9,2),
(1204,'2021-04-09 20:47:48.635622','1292','Samsung - Sm-a426u',1,'new through import_export',9,2),
(1205,'2021-04-09 20:47:48.645990','1293','Samsung - Sm-a426u',1,'new through import_export',9,2),
(1206,'2021-04-09 20:47:48.657449','1294','Samsung - Sm-a426u',1,'new through import_export',9,2),
(1207,'2021-04-09 20:47:48.670470','1295','Samsung - Sm-a426u',1,'new through import_export',9,2),
(1208,'2021-04-09 20:47:48.679083','1296','Samsung - Sm-a426u',1,'new through import_export',9,2),
(1209,'2021-04-09 20:47:48.686582','1297','Samsung - Sm-a426u',1,'new through import_export',9,2),
(1210,'2021-04-09 20:47:48.696912','1298','Samsung - Sm-a426u',1,'new through import_export',9,2),
(1211,'2021-04-09 20:47:48.704481','1299','Samsung - Sm-a426u',1,'new through import_export',9,2),
(1212,'2021-04-09 20:47:48.713112','1300','Samsung - Sm-a426u',1,'new through import_export',9,2),
(1213,'2021-04-09 20:47:48.721909','1301','Samsung - Sm-a426u',1,'new through import_export',9,2),
(1214,'2021-04-09 20:47:48.729442','1302','Samsung - Sm-a426u',1,'new through import_export',9,2),
(1215,'2021-04-09 20:47:48.735882','1303','Samsung - Sm-a426u',1,'new through import_export',9,2),
(1216,'2021-04-09 20:47:48.743133','1304','Samsung - Sm-a426u',1,'new through import_export',9,2),
(1217,'2021-04-09 20:47:48.750161','1305','Samsung - Sm-a426u',1,'new through import_export',9,2),
(1218,'2021-04-09 20:47:48.757375','1306','Samsung - Sm-a426u',1,'new through import_export',9,2),
(1219,'2021-04-09 20:47:48.765114','1307','Samsung - Sm-a426u',1,'new through import_export',9,2),
(1220,'2021-04-09 20:47:48.771597','1308','Samsung - Sm-a426u',1,'new through import_export',9,2),
(1221,'2021-04-09 20:47:48.778695','1309','Samsung - Sm-a426u',1,'new through import_export',9,2),
(1222,'2021-04-09 20:47:48.785434','1310','Samsung - Sm-a426u',1,'new through import_export',9,2),
(1223,'2021-04-09 20:47:48.792320','1311','Samsung - Sm-a426u',1,'new through import_export',9,2),
(1224,'2021-04-09 20:47:48.800515','1312','Samsung - Sm-a426u',1,'new through import_export',9,2),
(1225,'2021-04-09 20:47:48.807401','1313','Samsung - Sm-a426u',1,'new through import_export',9,2),
(1226,'2021-04-09 20:47:48.815812','1314','Samsung - Sm-a426u',1,'new through import_export',9,2),
(1227,'2021-04-09 20:47:48.834939','1315','Samsung - Sm-a426u',1,'new through import_export',9,2),
(1228,'2021-04-09 20:47:48.845273','1316','Samsung - Sm-a426u',1,'new through import_export',9,2),
(1229,'2021-04-09 20:47:48.854005','1317','Samsung - Sm-a426u',1,'new through import_export',9,2),
(1230,'2021-04-09 20:47:48.860461','1318','Samsung - Sm-a426u',1,'new through import_export',9,2),
(1231,'2021-04-09 20:47:48.866937','1319','Samsung - Sm-a426u',1,'new through import_export',9,2),
(1232,'2021-04-09 20:47:48.873244','1320','Samsung - Sm-a426u',1,'new through import_export',9,2),
(1233,'2021-04-09 20:47:48.880137','1321','Samsung - Sm-a426u',1,'new through import_export',9,2),
(1234,'2021-04-09 20:47:48.886786','1322','Samsung - Sm-a426u',1,'new through import_export',9,2),
(1235,'2021-04-09 20:47:48.893381','1323','Samsung - Sm-a426u',1,'new through import_export',9,2),
(1236,'2021-04-09 20:47:48.900170','1324','Samsung - Sm-a426u',1,'new through import_export',9,2),
(1237,'2021-04-09 20:47:48.906636','1325','Samsung - Sm-a426u',1,'new through import_export',9,2),
(1238,'2021-04-09 20:47:48.915663','1326','Samsung - Sm-a426u',1,'new through import_export',9,2),
(1239,'2021-04-09 20:47:48.925914','1327','Samsung - Sm-a426u',1,'new through import_export',9,2),
(1240,'2021-04-09 20:47:48.934247','1328','Samsung - Sm-a426u',1,'new through import_export',9,2),
(1241,'2021-04-09 20:47:48.941997','1329','Samsung - Sm-a426u',1,'new through import_export',9,2),
(1242,'2021-04-09 20:47:48.951430','1330','Samsung - Sm-a426u',1,'new through import_export',9,2),
(1243,'2021-04-09 20:49:02.706943','1330','Samsung - Sm-a426u',3,'',9,2),
(1244,'2021-04-09 20:49:02.714967','1329','Samsung - Sm-a426u',3,'',9,2),
(1245,'2021-04-09 20:49:02.722039','1328','Samsung - Sm-a426u',3,'',9,2),
(1246,'2021-04-09 20:49:02.729516','1327','Samsung - Sm-a426u',3,'',9,2),
(1247,'2021-04-09 20:49:02.738250','1326','Samsung - Sm-a426u',3,'',9,2),
(1248,'2021-04-09 20:49:02.745587','1325','Samsung - Sm-a426u',3,'',9,2),
(1249,'2021-04-09 20:49:02.753231','1324','Samsung - Sm-a426u',3,'',9,2),
(1250,'2021-04-09 20:49:02.760860','1323','Samsung - Sm-a426u',3,'',9,2),
(1251,'2021-04-09 20:49:02.768532','1322','Samsung - Sm-a426u',3,'',9,2),
(1252,'2021-04-09 20:49:02.775863','1321','Samsung - Sm-a426u',3,'',9,2),
(1253,'2021-04-09 20:49:02.783880','1320','Samsung - Sm-a426u',3,'',9,2),
(1254,'2021-04-09 20:49:02.792449','1319','Samsung - Sm-a426u',3,'',9,2),
(1255,'2021-04-09 20:49:02.801903','1318','Samsung - Sm-a426u',3,'',9,2),
(1256,'2021-04-09 20:49:02.809729','1317','Samsung - Sm-a426u',3,'',9,2),
(1257,'2021-04-09 20:49:02.817801','1316','Samsung - Sm-a426u',3,'',9,2),
(1258,'2021-04-09 20:49:02.827822','1315','Samsung - Sm-a426u',3,'',9,2),
(1259,'2021-04-09 20:49:02.836642','1314','Samsung - Sm-a426u',3,'',9,2),
(1260,'2021-04-09 20:49:02.849281','1313','Samsung - Sm-a426u',3,'',9,2),
(1261,'2021-04-09 20:49:02.857432','1312','Samsung - Sm-a426u',3,'',9,2),
(1262,'2021-04-09 20:49:02.868567','1311','Samsung - Sm-a426u',3,'',9,2),
(1263,'2021-04-09 20:49:02.877688','1310','Samsung - Sm-a426u',3,'',9,2),
(1264,'2021-04-09 20:49:02.886790','1309','Samsung - Sm-a426u',3,'',9,2),
(1265,'2021-04-09 20:49:02.893210','1308','Samsung - Sm-a426u',3,'',9,2),
(1266,'2021-04-09 20:49:02.899557','1307','Samsung - Sm-a426u',3,'',9,2),
(1267,'2021-04-09 20:49:02.906189','1306','Samsung - Sm-a426u',3,'',9,2),
(1268,'2021-04-09 20:49:02.915356','1305','Samsung - Sm-a426u',3,'',9,2),
(1269,'2021-04-09 20:49:02.924471','1304','Samsung - Sm-a426u',3,'',9,2),
(1270,'2021-04-09 20:49:02.932665','1303','Samsung - Sm-a426u',3,'',9,2),
(1271,'2021-04-09 20:49:02.939066','1302','Samsung - Sm-a426u',3,'',9,2),
(1272,'2021-04-09 20:49:02.945705','1301','Samsung - Sm-a426u',3,'',9,2),
(1273,'2021-04-09 20:49:02.952181','1300','Samsung - Sm-a426u',3,'',9,2),
(1274,'2021-04-09 20:49:02.958216','1299','Samsung - Sm-a426u',3,'',9,2),
(1275,'2021-04-09 20:49:02.965184','1298','Samsung - Sm-a426u',3,'',9,2),
(1276,'2021-04-09 20:49:02.972296','1297','Samsung - Sm-a426u',3,'',9,2),
(1277,'2021-04-09 20:49:02.980343','1296','Samsung - Sm-a426u',3,'',9,2),
(1278,'2021-04-09 20:49:02.987747','1295','Samsung - Sm-a426u',3,'',9,2),
(1279,'2021-04-09 20:49:02.994632','1294','Samsung - Sm-a426u',3,'',9,2),
(1280,'2021-04-09 20:49:03.002999','1293','Samsung - Sm-a426u',3,'',9,2),
(1281,'2021-04-09 20:49:03.009726','1292','Samsung - Sm-a426u',3,'',9,2),
(1282,'2021-04-09 20:49:03.019624','1291','Samsung - Sm-a426u',3,'',9,2),
(1283,'2021-04-09 20:49:03.027359','1290','Samsung - Sm-a426u',3,'',9,2),
(1284,'2021-04-09 20:49:03.034593','1289','Samsung - Sm-a426u',3,'',9,2),
(1285,'2021-04-09 20:49:03.041646','1288','Samsung - Sm-a426u',3,'',9,2),
(1286,'2021-04-09 20:49:03.049436','1287','Samsung - Sm-a426u',3,'',9,2),
(1287,'2021-04-09 20:49:03.056659','1286','Samsung - Sm-a426u',3,'',9,2),
(1288,'2021-04-09 20:49:03.063768','1285','Samsung - Sm-a426u',3,'',9,2),
(1289,'2021-04-09 20:49:03.070792','1284','Samsung - Sm-a426u',3,'',9,2),
(1290,'2021-04-09 20:49:03.077973','1283','Samsung - Sm-a426u',3,'',9,2),
(1291,'2021-04-09 20:49:03.086630','1282','Samsung - Sm-a426u',3,'',9,2),
(1292,'2021-04-09 20:49:03.093712','1281','Samsung - Sm-a426u',3,'',9,2),
(1293,'2021-04-09 20:49:03.100431','1280','Samsung - Sm-a426u',3,'',9,2),
(1294,'2021-04-09 20:49:03.107225','1279','Samsung - Sm-a426u',3,'',9,2),
(1295,'2021-04-09 20:49:03.114110','1278','Samsung - Sm-a426u',3,'',9,2),
(1296,'2021-04-09 20:49:03.121681','1277','Samsung - Sm-a426u',3,'',9,2),
(1297,'2021-04-09 20:49:03.129165','1276','Samsung - Sm-a426u',3,'',9,2),
(1298,'2021-04-09 20:49:03.137961','1275','Samsung - Sm-a426u',3,'',9,2),
(1299,'2021-04-09 20:49:03.145638','1274','Samsung - Sm-a426u',3,'',9,2),
(1300,'2021-04-09 20:49:03.152914','1273','Samsung - Sm-a426u',3,'',9,2),
(1301,'2021-04-09 20:49:03.160490','1272','Samsung - Sm-a426u',3,'',9,2),
(1302,'2021-04-09 20:49:03.169383','1271','Samsung - Sm-a426u',3,'',9,2),
(1303,'2021-04-09 20:49:03.177860','1270','Samsung - Sm-a426u',3,'',9,2),
(1304,'2021-04-09 20:49:03.185306','1269','Samsung - Sm-a426u',3,'',9,2),
(1305,'2021-04-09 20:49:03.195653','1268','Samsung - Sm-a426u',3,'',9,2),
(1306,'2021-04-09 20:49:03.204240','1267','Samsung - Sm-a426u',3,'',9,2),
(1307,'2021-04-09 20:49:03.211836','1266','Samsung - Sm-a426u',3,'',9,2),
(1308,'2021-04-09 20:49:03.220567','1265','Samsung - Sm-a426u',3,'',9,2),
(1309,'2021-04-09 20:49:03.228542','1264','Samsung - Sm-a426u',3,'',9,2),
(1310,'2021-04-09 20:49:03.239963','1263','Samsung - Sm-a426u',3,'',9,2),
(1311,'2021-04-09 20:49:03.252628','1262','Samsung - Sm-a426u',3,'',9,2),
(1312,'2021-04-09 20:49:03.263216','1261','Samsung - Sm-a426u',3,'',9,2),
(1313,'2021-04-09 20:49:03.272766','1260','Samsung - Sm-a426u',3,'',9,2),
(1314,'2021-04-09 20:49:03.282306','1259','Samsung - Sm-a426u',3,'',9,2),
(1315,'2021-04-09 20:49:03.291829','1258','Samsung - Sm-a426u',3,'',9,2),
(1316,'2021-04-09 20:49:03.303939','1257','Samsung - Sm-a426u',3,'',9,2),
(1317,'2021-04-09 20:49:03.314235','1256','Samsung - Sm-a426u',3,'',9,2),
(1318,'2021-04-09 20:49:03.322524','1255','Samsung - Sm-a426u',3,'',9,2),
(1319,'2021-04-09 20:49:03.339517','1254','Samsung - Sm-a426u',3,'',9,2),
(1320,'2021-04-09 20:49:03.347553','1253','Samsung - Sm-a426u',3,'',9,2),
(1321,'2021-04-09 20:49:03.357620','1252','Samsung - Sm-a426u',3,'',9,2),
(1322,'2021-04-09 20:49:03.365485','1251','Samsung - Sm-a426u',3,'',9,2),
(1323,'2021-04-09 20:49:03.372653','1250','Samsung - Sm-a426u',3,'',9,2),
(1324,'2021-04-09 20:49:03.380456','1249','Samsung - Sm-a426u',3,'',9,2),
(1325,'2021-04-09 20:49:03.387473','1248','Samsung - Sm-a426u',3,'',9,2),
(1326,'2021-04-09 20:49:03.402948','1247','Samsung - Sm-a426u',3,'',9,2),
(1327,'2021-04-09 20:49:03.420652','1246','Samsung - Sm-a426u',3,'',9,2),
(1328,'2021-04-09 20:49:03.430265','1245','Samsung - Sm-a426u',3,'',9,2),
(1329,'2021-04-09 20:49:03.438657','1244','Samsung - Sm-a426u',3,'',9,2),
(1330,'2021-04-09 20:49:03.447421','1243','Samsung - Sm-a426u',3,'',9,2),
(1331,'2021-04-09 20:49:03.455802','1242','Samsung - Sm-a426u',3,'',9,2),
(1332,'2021-04-09 20:49:03.465392','1241','Samsung - Sm-a426u',3,'',9,2),
(1333,'2021-04-09 20:49:03.473131','1240','Samsung - Sm-a426u',3,'',9,2),
(1334,'2021-04-09 21:01:19.902548','1422','Samsung - Sm-a426u',1,'new through import_export',9,2),
(1335,'2021-04-09 21:01:19.911498','1423','Samsung - Sm-a426u',1,'new through import_export',9,2),
(1336,'2021-04-09 21:01:19.919030','1424','Samsung - Sm-a426u',1,'new through import_export',9,2),
(1337,'2021-04-09 21:01:19.926151','1425','Samsung - Sm-a426u',1,'new through import_export',9,2),
(1338,'2021-04-09 21:01:19.933450','1426','Samsung - Sm-a426u',1,'new through import_export',9,2),
(1339,'2021-04-09 21:01:19.945209','1427','Samsung - Sm-a426u',1,'new through import_export',9,2),
(1340,'2021-04-09 21:01:19.953322','1428','Samsung - Sm-a426u',1,'new through import_export',9,2),
(1341,'2021-04-09 21:01:19.962474','1429','Samsung - Sm-a426u',1,'new through import_export',9,2),
(1342,'2021-04-09 21:01:19.973062','1430','Samsung - Sm-a426u',1,'new through import_export',9,2),
(1343,'2021-04-09 21:01:19.983340','1431','Samsung - Sm-a426u',1,'new through import_export',9,2),
(1344,'2021-04-09 21:01:19.994453','1432','Samsung - Sm-a426u',1,'new through import_export',9,2),
(1345,'2021-04-09 21:01:20.004443','1433','Samsung - Sm-a426u',1,'new through import_export',9,2),
(1346,'2021-04-09 21:01:20.013140','1434','Samsung - Sm-a426u',1,'new through import_export',9,2),
(1347,'2021-04-09 21:01:20.022077','1435','Samsung - Sm-a426u',1,'new through import_export',9,2),
(1348,'2021-04-09 21:01:20.034554','1436','Samsung - Sm-a426u',1,'new through import_export',9,2),
(1349,'2021-04-09 21:01:20.042484','1437','Samsung - Sm-a426u',1,'new through import_export',9,2),
(1350,'2021-04-09 21:01:20.049509','1438','Samsung - Sm-a426u',1,'new through import_export',9,2),
(1351,'2021-04-09 21:01:20.056079','1439','Samsung - Sm-a426u',1,'new through import_export',9,2),
(1352,'2021-04-09 21:01:20.063217','1440','Samsung - Sm-a426u',1,'new through import_export',9,2),
(1353,'2021-04-09 21:01:20.070314','1441','Samsung - Sm-a426u',1,'new through import_export',9,2),
(1354,'2021-04-09 21:01:20.077422','1442','Samsung - Sm-a426u',1,'new through import_export',9,2),
(1355,'2021-04-09 21:01:20.087689','1443','Samsung - Sm-a426u',1,'new through import_export',9,2),
(1356,'2021-04-09 21:01:20.093964','1444','Samsung - Sm-a426u',1,'new through import_export',9,2),
(1357,'2021-04-09 21:01:20.100903','1445','Samsung - Sm-a426u',1,'new through import_export',9,2),
(1358,'2021-04-09 21:01:20.109481','1446','Samsung - Sm-a426u',1,'new through import_export',9,2),
(1359,'2021-04-09 21:01:20.115810','1447','Samsung - Sm-a426u',1,'new through import_export',9,2),
(1360,'2021-04-09 21:01:20.123398','1448','Samsung - Sm-a426u',1,'new through import_export',9,2),
(1361,'2021-04-09 21:01:20.131864','1449','Samsung - Sm-a426u',1,'new through import_export',9,2),
(1362,'2021-04-09 21:01:20.138490','1450','Samsung - Sm-a426u',1,'new through import_export',9,2),
(1363,'2021-04-09 21:01:20.145131','1451','Samsung - Sm-a426u',1,'new through import_export',9,2),
(1364,'2021-04-09 21:01:20.152227','1452','Samsung - Sm-a426u',1,'new through import_export',9,2),
(1365,'2021-04-09 21:01:20.159785','1453','Samsung - Sm-a426u',1,'new through import_export',9,2),
(1366,'2021-04-09 21:01:20.166550','1454','Samsung - Sm-a426u',1,'new through import_export',9,2),
(1367,'2021-04-09 21:01:20.173681','1455','Samsung - Sm-a426u',1,'new through import_export',9,2),
(1368,'2021-04-09 21:01:20.180686','1456','Samsung - Sm-a426u',1,'new through import_export',9,2),
(1369,'2021-04-09 21:01:20.187477','1457','Samsung - Sm-a426u',1,'new through import_export',9,2),
(1370,'2021-04-09 21:01:20.193809','1458','Samsung - Sm-a426u',1,'new through import_export',9,2),
(1371,'2021-04-09 21:01:20.200239','1459','Samsung - Sm-a426u',1,'new through import_export',9,2),
(1372,'2021-04-09 21:01:20.209437','1460','Samsung - Sm-a426u',1,'new through import_export',9,2),
(1373,'2021-04-09 21:01:20.217580','1461','Samsung - Sm-a426u',1,'new through import_export',9,2),
(1374,'2021-04-09 21:01:20.224977','1462','Samsung - Sm-a426u',1,'new through import_export',9,2),
(1375,'2021-04-09 21:01:20.232851','1463','Samsung - Sm-a426u',1,'new through import_export',9,2),
(1376,'2021-04-09 21:01:20.240731','1464','Samsung - Sm-a426u',1,'new through import_export',9,2),
(1377,'2021-04-09 21:01:20.248136','1465','Samsung - Sm-a426u',1,'new through import_export',9,2),
(1378,'2021-04-09 21:01:20.262615','1466','Samsung - Sm-a426u',1,'new through import_export',9,2),
(1379,'2021-04-09 21:01:20.279182','1467','Samsung - Sm-a426u',1,'new through import_export',9,2),
(1380,'2021-04-09 21:01:20.287887','1468','Samsung - Sm-a426u',1,'new through import_export',9,2),
(1381,'2021-04-09 21:01:20.295367','1469','Samsung - Sm-a426u',1,'new through import_export',9,2),
(1382,'2021-04-09 21:01:20.302861','1470','Samsung - Sm-a426u',1,'new through import_export',9,2),
(1383,'2021-04-09 21:01:20.310730','1471','Samsung - Sm-a426u',1,'new through import_export',9,2),
(1384,'2021-04-09 21:01:20.318675','1472','Samsung - Sm-a426u',1,'new through import_export',9,2),
(1385,'2021-04-09 21:01:20.325571','1473','Samsung - Sm-a426u',1,'new through import_export',9,2),
(1386,'2021-04-09 21:01:20.333162','1474','Samsung - Sm-a426u',1,'new through import_export',9,2),
(1387,'2021-04-09 21:01:20.340372','1475','Samsung - Sm-a426u',1,'new through import_export',9,2),
(1388,'2021-04-09 21:01:20.347666','1476','Samsung - Sm-a426u',1,'new through import_export',9,2),
(1389,'2021-04-09 21:01:20.355075','1477','Samsung - Sm-a426u',1,'new through import_export',9,2),
(1390,'2021-04-09 21:01:20.363385','1478','Samsung - Sm-a426u',1,'new through import_export',9,2),
(1391,'2021-04-09 21:01:20.371639','1479','Samsung - Sm-a426u',1,'new through import_export',9,2),
(1392,'2021-04-09 21:01:20.379687','1480','Samsung - Sm-a426u',1,'new through import_export',9,2),
(1393,'2021-04-09 21:01:20.388082','1481','Samsung - Sm-a426u',1,'new through import_export',9,2),
(1394,'2021-04-09 21:01:20.394900','1482','Samsung - Sm-a426u',1,'new through import_export',9,2),
(1395,'2021-04-09 21:01:20.402495','1483','Samsung - Sm-a426u',1,'new through import_export',9,2),
(1396,'2021-04-09 21:01:20.409979','1484','Samsung - Sm-a426u',1,'new through import_export',9,2),
(1397,'2021-04-09 21:01:20.417288','1485','Samsung - Sm-a426u',1,'new through import_export',9,2),
(1398,'2021-04-09 21:01:20.424423','1486','Samsung - Sm-a426u',1,'new through import_export',9,2),
(1399,'2021-04-09 21:01:20.438484','1487','Samsung - Sm-a426u',1,'new through import_export',9,2),
(1400,'2021-04-09 21:01:20.447523','1488','Samsung - Sm-a426u',1,'new through import_export',9,2),
(1401,'2021-04-09 21:01:20.454413','1489','Samsung - Sm-a426u',1,'new through import_export',9,2),
(1402,'2021-04-09 21:01:20.461064','1490','Samsung - Sm-a426u',1,'new through import_export',9,2),
(1403,'2021-04-09 21:01:20.470326','1491','Samsung - Sm-a426u',1,'new through import_export',9,2),
(1404,'2021-04-09 21:01:20.476936','1492','Samsung - Sm-a426u',1,'new through import_export',9,2),
(1405,'2021-04-09 21:01:20.483571','1493','Samsung - Sm-a426u',1,'new through import_export',9,2),
(1406,'2021-04-09 21:01:20.490253','1494','Samsung - Sm-a426u',1,'new through import_export',9,2),
(1407,'2021-04-09 21:01:20.497979','1495','Samsung - Sm-a426u',1,'new through import_export',9,2),
(1408,'2021-04-09 21:01:20.508808','1496','Samsung - Sm-a426u',1,'new through import_export',9,2),
(1409,'2021-04-09 21:01:20.515934','1497','Samsung - Sm-a426u',1,'new through import_export',9,2),
(1410,'2021-04-09 21:01:20.529232','1498','Samsung - Sm-a426u',1,'new through import_export',9,2),
(1411,'2021-04-09 21:01:20.536600','1499','Samsung - Sm-a426u',1,'new through import_export',9,2),
(1412,'2021-04-09 21:01:20.545261','1500','Samsung - Sm-a426u',1,'new through import_export',9,2),
(1413,'2021-04-09 21:01:20.552166','1501','Samsung - Sm-a426u',1,'new through import_export',9,2),
(1414,'2021-04-09 21:01:20.560506','1502','Samsung - Sm-a426u',1,'new through import_export',9,2),
(1415,'2021-04-09 21:01:20.567496','1503','Samsung - Sm-a426u',1,'new through import_export',9,2),
(1416,'2021-04-09 21:01:20.578899','1504','Samsung - Sm-a426u',1,'new through import_export',9,2),
(1417,'2021-04-09 21:01:20.585778','1505','Samsung - Sm-a426u',1,'new through import_export',9,2),
(1418,'2021-04-09 21:01:20.593109','1506','Samsung - Sm-a426u',1,'new through import_export',9,2),
(1419,'2021-04-09 21:01:20.600966','1507','Samsung - Sm-a426u',1,'new through import_export',9,2),
(1420,'2021-04-09 21:01:20.608465','1508','Samsung - Sm-a426u',1,'new through import_export',9,2),
(1421,'2021-04-09 21:01:20.617376','1509','Samsung - Sm-a426u',1,'new through import_export',9,2),
(1422,'2021-04-09 21:01:20.626533','1510','Samsung - Sm-a426u',1,'new through import_export',9,2),
(1423,'2021-04-09 21:01:20.636696','1511','Samsung - Sm-a426u',1,'new through import_export',9,2),
(1424,'2021-04-09 21:01:20.643847','1512','Samsung - Sm-a426u',1,'new through import_export',9,2);

/*Table structure for table `django_content_type` */

DROP TABLE IF EXISTS `django_content_type`;

CREATE TABLE `django_content_type` (
  `id` int(11) NOT NULL AUTO_INCREMENT,
  `app_label` varchar(100) COLLATE utf8mb4_unicode_ci NOT NULL,
  `model` varchar(100) COLLATE utf8mb4_unicode_ci NOT NULL,
  PRIMARY KEY (`id`),
  UNIQUE KEY `django_content_type_app_label_model_76bd3d3b_uniq` (`app_label`,`model`)
) ENGINE=InnoDB AUTO_INCREMENT=10 DEFAULT CHARSET=utf8mb4 COLLATE=utf8mb4_unicode_ci;

/*Data for the table `django_content_type` */

insert  into `django_content_type`(`id`,`app_label`,`model`) values 
(1,'admin','logentry'),
(3,'auth','group'),
(2,'auth','permission'),
(4,'auth','user'),
(5,'contenttypes','contenttype'),
(9,'device','device'),
(8,'device','model'),
(7,'device','oem'),
(6,'sessions','session');

/*Table structure for table `django_migrations` */

DROP TABLE IF EXISTS `django_migrations`;

CREATE TABLE `django_migrations` (
  `id` int(11) NOT NULL AUTO_INCREMENT,
  `app` varchar(255) COLLATE utf8mb4_unicode_ci NOT NULL,
  `name` varchar(255) COLLATE utf8mb4_unicode_ci NOT NULL,
  `applied` datetime(6) NOT NULL,
  PRIMARY KEY (`id`)
) ENGINE=InnoDB AUTO_INCREMENT=22 DEFAULT CHARSET=utf8mb4 COLLATE=utf8mb4_unicode_ci;

/*Data for the table `django_migrations` */

insert  into `django_migrations`(`id`,`app`,`name`,`applied`) values 
(1,'contenttypes','0001_initial','2021-04-09 07:33:40.009566'),
(2,'auth','0001_initial','2021-04-09 07:33:40.306151'),
(3,'admin','0001_initial','2021-04-09 07:33:40.818602'),
(4,'admin','0002_logentry_remove_auto_add','2021-04-09 07:33:40.934914'),
(5,'admin','0003_logentry_add_action_flag_choices','2021-04-09 07:33:41.008098'),
(6,'contenttypes','0002_remove_content_type_name','2021-04-09 07:33:41.261793'),
(7,'auth','0002_alter_permission_name_max_length','2021-04-09 07:33:41.368017'),
(8,'auth','0003_alter_user_email_max_length','2021-04-09 07:33:41.435967'),
(9,'auth','0004_alter_user_username_opts','2021-04-09 07:33:41.486517'),
(10,'auth','0005_alter_user_last_login_null','2021-04-09 07:33:41.584778'),
(11,'auth','0006_require_contenttypes_0002','2021-04-09 07:33:41.598053'),
(12,'auth','0007_alter_validators_add_error_messages','2021-04-09 07:33:41.650755'),
(13,'auth','0008_alter_user_username_max_length','2021-04-09 07:33:41.713811'),
(14,'auth','0009_alter_user_last_name_max_length','2021-04-09 07:33:41.768556'),
(15,'auth','0010_alter_group_name_max_length','2021-04-09 07:33:41.815124'),
(16,'auth','0011_update_proxy_permissions','2021-04-09 07:33:41.928871'),
(17,'auth','0012_alter_user_first_name_max_length','2021-04-09 07:33:41.973405'),
(18,'device','0001_initial','2021-04-09 07:33:42.267896'),
(19,'sessions','0001_initial','2021-04-09 07:33:42.481125'),
(20,'device','0002_auto_20210409_1325','2021-04-09 08:03:09.622765'),
(21,'device','0003_auto_20210409_1931','2021-04-09 14:03:40.986596');

/*Table structure for table `django_session` */

DROP TABLE IF EXISTS `django_session`;

CREATE TABLE `django_session` (
  `session_key` varchar(40) COLLATE utf8mb4_unicode_ci NOT NULL,
  `session_data` longtext COLLATE utf8mb4_unicode_ci NOT NULL,
  `expire_date` datetime(6) NOT NULL,
  PRIMARY KEY (`session_key`),
  KEY `django_session_expire_date_a5c62663` (`expire_date`)
) ENGINE=InnoDB DEFAULT CHARSET=utf8mb4 COLLATE=utf8mb4_unicode_ci;

/*Data for the table `django_session` */

insert  into `django_session`(`session_key`,`session_data`,`expire_date`) values 
('asdh4lefg73dgcf2b9gpzbbmw9jl74y3','.eJxVjDsOwjAQBe_iGln2xp-Ekj5nsHb9wQFkS3FSIe6OI6WAdmbeezOH-5bd3uLqlsCuDNjllxH6ZyyHCA8s98p9Ldu6ED8SftrG5xri63a2fwcZW-7ryYoBMZBGQ1p68ADCJKUmI2xQcTA2aQAaYwKZ0ojQYynRUqfRaMk-X94TN7o:1lW684:LB3z71w5x1-hB59iX95SyOf1e_jWsc78-GizFkNzXUg','2021-04-26 23:38:04.172892'),
('d0xnozw91fbn9atkwy8ozrx4zr58ti5a','.eJxVjDsOwjAQBe_iGln2xp-Ekj5nsHb9wQFkS3FSIe6OI6WAdmbeezOH-5bd3uLqlsCuDNjllxH6ZyyHCA8s98p9Ldu6ED8SftrG5xri63a2fwcZW-7ryYoBMZBGQ1p68ADCJKUmI2xQcTA2aQAaYwKZ0ojQYynRUqfRaMk-X94TN7o:1lUmp5:ses0wHyY_2s_2hHUUaORn61VDJ7xVO5zk5d0fWlWUnk','2021-04-23 08:49:03.559565'),
('e34f99i6csu4on15l1nheghgnap605as','.eJxVjDsOwjAQBe_iGln2xp-Ekj5nsHb9wQFkS3FSIe6OI6WAdmbeezOH-5bd3uLqlsCuDNjllxH6ZyyHCA8s98p9Ldu6ED8SftrG5xri63a2fwcZW-7ryYoBMZBGQ1p68ADCJKUmI2xQcTA2aQAaYwKZ0ojQYynRUqfRaMk-X94TN7o:1lVGaq:2dXAVrMpkwqtg9tnVmf2C-2cmq9ecGhtForupGq97-s','2021-04-24 16:36:20.154219'),
('iumwvgstg4pwxeh43tfero7u4ilcfx17','.eJxVjDsOwjAQBe_iGln2xp-Ekj5nsHb9wQFkS3FSIe6OI6WAdmbeezOH-5bd3uLqlsCuDNjllxH6ZyyHCA8s98p9Ldu6ED8SftrG5xri63a2fwcZW-7ryYoBMZBGQ1p68ADCJKUmI2xQcTA2aQAaYwKZ0ojQYynRUqfRaMk-X94TN7o:1lVGPo:jwypm31fQJhXFCAEgxMh9XoL_LjFWch_31Cqxe1aIG4','2021-04-24 16:24:56.835251'),
('ntd42gvz94ktpuauf3debra0bu3laqxw','.eJxVjDsOwjAQBe_iGln2xp-Ekj5nsHb9wQFkS3FSIe6OI6WAdmbeezOH-5bd3uLqlsCuDNjllxH6ZyyHCA8s98p9Ldu6ED8SftrG5xri63a2fwcZW-7ryYoBMZBGQ1p68ADCJKUmI2xQcTA2aQAaYwKZ0ojQYynRUqfRaMk-X94TN7o:1lUwdx:J1x76XpgmLs3t_KfUVdbeR6m_DsF1atQVNwic0GbFiQ','2021-04-23 19:18:13.739206'),
('s4nnp7or0t3jnw8812w0gtl79fju3am5','.eJxVjDsOwjAQBe_iGln2xp-Ekj5nsHb9wQFkS3FSIe6OI6WAdmbeezOH-5bd3uLqlsCuDNjllxH6ZyyHCA8s98p9Ldu6ED8SftrG5xri63a2fwcZW-7ryYoBMZBGQ1p68ADCJKUmI2xQcTA2aQAaYwKZ0ojQYynRUqfRaMk-X94TN7o:1lUlqr:5zMBgVfJ6HkbPClpW-OshpoLb2WJoB5EY80H0zQuSNc','2021-04-23 07:46:49.016086'),
('uz66w6dj7y5hydwqezx5ecilu42kr4xu','.eJxVjDsOwjAQBe_iGln2xp-Ekj5nsHb9wQFkS3FSIe6OI6WAdmbeezOH-5bd3uLqlsCuDNjllxH6ZyyHCA8s98p9Ldu6ED8SftrG5xri63a2fwcZW-7ryYoBMZBGQ1p68ADCJKUmI2xQcTA2aQAaYwKZ0ojQYynRUqfRaMk-X94TN7o:1lUrkD:hvaG1ciwbs4pgitKTsEV0QTLohVGOVMeyx8-hGGOHpY','2021-04-23 14:04:21.655924');

/*!40101 SET SQL_MODE=@OLD_SQL_MODE */;
/*!40014 SET FOREIGN_KEY_CHECKS=@OLD_FOREIGN_KEY_CHECKS */;
/*!40014 SET UNIQUE_CHECKS=@OLD_UNIQUE_CHECKS */;
/*!40111 SET SQL_NOTES=@OLD_SQL_NOTES */;
